domain,item_key,source_layer,source_location,classification,eligible,canonical_item,exclusion_reason,candidate_for_sig_discovery,candidate_for_join_discovery,current_join_policy_role,current_sig_policy_role,current_policy_required,current_policy_optional,current_policy_excluded,observed_record_count,observed_ok_count,observed_missing_count,observed_unreadable_count
arrowheads,arrowhead.arrow_closed,identity,domains/arrowheads.py:180,semantic_candidate,true,,,true,true,optional,,false,true,false,0,0,0,0
arrowheads,arrowhead.arrow_style_display,identity,domains/arrowheads.py:504,display_alias,false,arrowhead.style,alias_of:arrowhead.style,false,false,,,false,false,false,0,0,0,0
arrowheads,arrowhead.arrow_style_raw_int,identity,domains/arrowheads.py:503,raw_alias,false,arrowhead.style,alias_of:arrowhead.style,false,false,,,false,false,false,0,0,0,0
arrowheads,arrowhead.fill_tick,identity,domains/arrowheads.py:179,semantic_candidate,true,,,true,true,optional,,false,true,false,0,0,0,0
arrowheads,arrowhead.heavy_end_pen_weight,identity,domains/arrowheads.py:193,semantic_candidate,true,,,true,true,optional,,false,true,false,0,0,0,0
arrowheads,arrowhead.name,identity,domains/arrowheads.py:668,semantic_candidate,true,,,true,true,excluded,,false,false,true,0,0,0,0
arrowheads,arrowhead.record_class,phase2.unknown,domains/arrowheads.py:638,routing_metadata,false,,"Extractor-derived style bucket retained for partitioning and diagnostics, not definition identity",false,false,,,false,false,false,0,0,0,0
arrowheads,arrowhead.source_element_id,phase2.unknown,domains/arrowheads.py:633,traceability_identifier,false,,File-local Revit ElementId emitted for source traceability; not portable configuration identity,false,false,,,false,false,false,0,0,0,0
arrowheads,arrowhead.source_unique_id,phase2.unknown,domains/arrowheads.py:634,traceability_identifier,false,,Revit UniqueId emitted for source traceability; not portable configuration identity,false,false,,,false,false,false,0,0,0,0
arrowheads,arrowhead.style,identity,domains/arrowheads.py:163,semantic_candidate,true,,,true,true,required,required,true,false,false,0,0,0,0
arrowheads,arrowhead.tick_mark_centered,identity,domains/arrowheads.py:192,semantic_candidate,true,,,true,true,optional,,false,true,false,0,0,0,0
arrowheads,arrowhead.tick_size_in,identity,domains/arrowheads.py:164,semantic_candidate,true,,,true,true,required,required,true,false,false,0,0,0,0
arrowheads,arrowhead.width_angle_deg,identity,domains/arrowheads.py:178,semantic_candidate,true,,,true,true,optional,,false,true,false,0,0,0,0
browser_organization,bo.category,identity,domains/browser_organization.py:383,semantic_candidate,true,,,true,true,required,required,true,false,false,0,0,0,0
browser_organization,bo.family_name,identity,domains/browser_organization.py:387,semantic_candidate,true,,,true,true,excluded,,false,false,true,0,0,0,0
browser_organization,bo.filter_has_value,identity,domains/browser_organization.py:386,semantic_candidate,true,,,true,true,optional,,false,true,false,0,0,0,0
browser_organization,bo.org_id,identity,domains/browser_organization.py:388,semantic_candidate,true,,,true,true,excluded,,false,false,true,0,0,0,0
browser_organization,bo.sorting_order,identity,domains/browser_organization.py:384,semantic_candidate,true,,,true,true,optional,required,true,true,false,0,0,0,0
browser_organization,bo.sorting_parameter_id,identity,domains/browser_organization.py:385,semantic_candidate,true,,,true,true,optional,required,true,true,false,0,0,0,0
browser_organization,bo.unique_id,identity,domains/browser_organization.py:389,semantic_candidate,true,,,true,true,excluded,,false,false,true,0,0,0,0
browser_organization,bo.workset_id,identity,domains/browser_organization.py:390,semantic_candidate,true,,,true,true,excluded,,false,false,true,0,0,0,0
browser_organization,bo.workset_name,identity,domains/browser_organization.py:391,semantic_candidate,true,,,true,true,excluded,,false,false,true,0,0,0,0
browser_organization,bo.workset_unique_id,identity,domains/browser_organization.py:392,semantic_candidate,true,,,true,true,excluded,,false,false,true,0,0,0,0
ceiling_types,ct.coarse_fill_color_rgb,identity,domains/ceiling_types.py:177,semantic_candidate,true,,,true,true,excluded,,false,false,true,0,0,0,0
ceiling_types,ct.coarse_fill_pattern_sig_hash,identity,domains/ceiling_types.py:173,semantic_candidate,true,,,true,true,,,false,false,false,0,0,0,0
ceiling_types,ct.layer_count,identity,domains/ceiling_types.py:128,semantic_candidate,true,,,true,true,required,required,true,false,false,0,0,0,0
ceiling_types,ct.stack_hash_function_only,identity,domains/ceiling_types.py:172,semantic_candidate,true,,,true,true,,,false,false,false,0,0,0,0
ceiling_types,ct.stack_hash_loose,identity,domains/ceiling_types.py:130,semantic_candidate,true,,,true,true,required,required,true,false,false,0,0,0,0
ceiling_types,ct.stack_hash_strict,identity,domains/ceiling_types.py:171,semantic_candidate,true,,,true,true,,,false,false,false,0,0,0,0
ceiling_types,ct.total_layer_rows,identity,domains/ceiling_types.py:170,semantic_candidate,true,,,true,true,,,false,false,false,0,0,0,0
ceiling_types,ct.total_thickness_in,identity,domains/ceiling_types.py:129,semantic_candidate,true,,,true,true,required,required,true,false,false,0,0,0,0
ceiling_types,ct.type_name,identity,domains/ceiling_types.py:127,semantic_candidate,true,,,true,true,excluded,,false,false,true,0,0,0,0
dimension_types_angular,dim_type.accuracy,identity,domains/dimension_types.py:863,semantic_candidate,true,,,true,true,required,required,true,false,false,0,0,0,0
dimension_types_angular,dim_type.centerline_pattern_sig_hash,identity,domains/dimension_types.py:880,semantic_candidate,true,,,true,true,,,false,false,false,0,0,0,0
dimension_types_angular,dim_type.centerline_symbol_name,identity,domains/dimension_types.py:881,semantic_candidate,true,,,true,true,,,false,false,false,0,0,0,0
dimension_types_angular,dim_type.centerline_tick_mark_sig_hash,identity,domains/dimension_types.py:882,semantic_candidate,true,,,true,true,,,false,false,false,0,0,0,0
dimension_types_angular,dim_type.domain_family,phase2.coordination,domains/dimension_types.py:1005,semantic_candidate,true,,,true,true,,,false,false,false,0,0,0,0
dimension_types_angular,dim_type.equality_text,identity,domains/dimension_types.py:878,semantic_candidate,true,,,true,true,,,false,false,false,0,0,0,0
dimension_types_angular,dim_type.equality_witness_display,identity,domains/dimension_types.py:879,semantic_candidate,true,,,true,true,,,false,false,false,0,0,0,0
dimension_types_angular,dim_type.interior_tick_mark_display,identity,domains/dimension_types.py:884,semantic_candidate,true,,,true,true,,,false,false,false,0,0,0,0
dimension_types_angular,dim_type.interior_tick_mark_sig_hash,identity,domains/dimension_types.py:883,semantic_candidate,true,,,true,true,,,false,false,false,0,0,0,0
dimension_types_angular,dim_type.leader_tick_mark_sig_hash,identity,domains/dimension_types.py:871,semantic_candidate,true,,,true,true,,,false,false,false,0,0,0,0
dimension_types_angular,dim_type.leader_type,identity,domains/dimension_types.py:872,semantic_candidate,true,,,true,true,,,false,false,false,0,0,0,0
dimension_types_angular,dim_type.name,identity,domains/dimension_types.py:990,semantic_candidate,true,,,true,true,excluded,,false,false,true,0,0,0,0
dimension_types_angular,dim_type.prefix,identity,domains/dimension_types.py:868,semantic_candidate,true,,,true,true,required,required,true,false,false,0,0,0,0
dimension_types_angular,dim_type.rounding,identity,domains/dimension_types.py:867,semantic_candidate,true,,,true,true,required,required,true,false,false,0,0,0,0
dimension_types_angular,dim_type.shape,identity,domains/dimension_types.py:862,semantic_candidate,true,,,true,true,required,required,true,false,false,0,0,0,0
dimension_types_angular,dim_type.show_leader_when_text_moves,identity,domains/dimension_types.py:873,semantic_candidate,true,,,true,true,,,false,false,false,0,0,0,0
dimension_types_angular,dim_type.source_element_id,phase2.unknown,domains/dimension_types.py:1017,traceability_identifier,false,,File-local Revit ElementId emitted for source traceability; not portable configuration identity,false,false,,,false,false,false,0,0,0,0
dimension_types_angular,dim_type.source_unique_id,phase2.unknown,domains/dimension_types.py:1018,traceability_identifier,false,,Revit UniqueId emitted for source traceability; not portable configuration identity,false,false,,,false,false,false,0,0,0,0
dimension_types_angular,dim_type.suffix,identity,domains/dimension_types.py:869,semantic_candidate,true,,,true,true,required,required,true,false,false,0,0,0,0
dimension_types_angular,dim_type.suppress_spaces,identity,domains/dimension_types.py:870,semantic_candidate,true,,,true,true,,,false,false,false,0,0,0,0
dimension_types_angular,dim_type.text_offset_in,identity,domains/dimension_types.py:885,semantic_candidate,true,,,true,true,,,false,false,false,0,0,0,0
dimension_types_angular,dim_type.tick_mark_line_weight,identity,domains/dimension_types.py:874,semantic_candidate,true,,,true,true,,,false,false,false,0,0,0,0
dimension_types_angular,dim_type.tick_mark_sig_hash,identity,domains/dimension_types.py:864,semantic_candidate,true,,,true,true,required,required,true,false,false,0,0,0,0
dimension_types_angular,dim_type.unit_format_id,identity,domains/dimension_types.py:866,semantic_candidate,true,,,true,true,required,required,true,false,false,0,0,0,0
dimension_types_angular,dim_type.witness_line_control,identity,domains/dimension_types.py:865,semantic_candidate,true,,,true,true,required,required,true,false,false,0,0,0,0
dimension_types_angular,dim_type.witness_line_extension_in,identity,domains/dimension_types.py:875,semantic_candidate,true,,,true,true,,,false,false,false,0,0,0,0
dimension_types_angular,dim_type.witness_line_gap_to_element_in,identity,domains/dimension_types.py:876,semantic_candidate,true,,,true,true,,,false,false,false,0,0,0,0
dimension_types_angular,dim_type.witness_line_length_in,identity,domains/dimension_types.py:877,semantic_candidate,true,,,true,true,,,false,false,false,0,0,0,0
dimension_types_diameter,dim_type.accuracy,identity,domains/dimension_types.py:1624,semantic_candidate,true,,,true,true,required,required,true,false,false,0,0,0,0
dimension_types_diameter,dim_type.center_mark_size,identity,domains/dimension_types.py:1627,semantic_candidate,true,,,true,true,required,required,true,false,false,0,0,0,0
dimension_types_diameter,dim_type.center_marks,identity,domains/dimension_types.py:1626,semantic_candidate,true,,,true,true,required,required,true,false,false,0,0,0,0
dimension_types_diameter,dim_type.diameter_symbol_location,identity,domains/dimension_types.py:1628,semantic_candidate,true,,,true,true,required,required,true,false,false,0,0,0,0
dimension_types_diameter,dim_type.diameter_symbol_text,identity,domains/dimension_types.py:1629,semantic_candidate,true,,,true,true,required,required,true,false,false,0,0,0,0
dimension_types_diameter,dim_type.domain_family,phase2.coordination,domains/dimension_types.py:1751,semantic_candidate,true,,,true,true,,,false,false,false,0,0,0,0
dimension_types_diameter,dim_type.leader_tick_mark_sig_hash,identity,domains/dimension_types.py:1632,semantic_candidate,true,,,true,true,,,false,false,false,0,0,0,0
dimension_types_diameter,dim_type.leader_type,identity,domains/dimension_types.py:1633,semantic_candidate,true,,,true,true,,,false,false,false,0,0,0,0
dimension_types_diameter,dim_type.name,identity,domains/dimension_types.py:1736,semantic_candidate,true,,,true,true,excluded,,false,false,true,0,0,0,0
dimension_types_diameter,dim_type.shape,identity,domains/dimension_types.py:1623,semantic_candidate,true,,,true,true,required,required,true,false,false,0,0,0,0
dimension_types_diameter,dim_type.show_leader_when_text_moves,identity,domains/dimension_types.py:1634,semantic_candidate,true,,,true,true,,,false,false,false,0,0,0,0
dimension_types_diameter,dim_type.source_element_id,phase2.unknown,domains/dimension_types.py:1763,traceability_identifier,false,,File-local Revit ElementId emitted for source traceability; not portable configuration identity,false,false,,,false,false,false,0,0,0,0
dimension_types_diameter,dim_type.source_unique_id,phase2.unknown,domains/dimension_types.py:1764,traceability_identifier,false,,Revit UniqueId emitted for source traceability; not portable configuration identity,false,false,,,false,false,false,0,0,0,0
dimension_types_diameter,dim_type.suppress_spaces,identity,domains/dimension_types.py:1631,semantic_candidate,true,,,true,true,,,false,false,false,0,0,0,0
dimension_types_diameter,dim_type.text_offset_in,identity,domains/dimension_types.py:1636,semantic_candidate,true,,,true,true,,,false,false,false,0,0,0,0
dimension_types_diameter,dim_type.tick_mark_line_weight,identity,domains/dimension_types.py:1635,semantic_candidate,true,,,true,true,,,false,false,false,0,0,0,0
dimension_types_diameter,dim_type.tick_mark_sig_hash,identity,domains/dimension_types.py:1625,semantic_candidate,true,,,true,true,required,required,true,false,false,0,0,0,0
dimension_types_diameter,dim_type.unit_format_id,identity,domains/dimension_types.py:1630,semantic_candidate,true,,,true,true,required,required,true,false,false,0,0,0,0
dimension_types_linear,dim_type.accuracy,identity,domains/dimension_types.py:417,semantic_candidate,true,,,true,true,required,required,true,false,false,0,0,0,0
dimension_types_linear,dim_type.centerline_pattern_sig_hash,identity,domains/dimension_types.py:435,semantic_candidate,true,,,true,true,,,false,false,false,0,0,0,0
dimension_types_linear,dim_type.centerline_symbol_name,identity,domains/dimension_types.py:436,semantic_candidate,true,,,true,true,,,false,false,false,0,0,0,0
dimension_types_linear,dim_type.centerline_tick_mark_sig_hash,identity,domains/dimension_types.py:437,semantic_candidate,true,,,true,true,,,false,false,false,0,0,0,0
dimension_types_linear,dim_type.dimension_string_type,identity,domains/dimension_types.py:441,semantic_candidate,true,,,true,true,,,false,false,false,0,0,0,0
dimension_types_linear,dim_type.domain_family,phase2.coordination,domains/dimension_types.py:577,semantic_candidate,true,,,true,true,,,false,false,false,0,0,0,0
dimension_types_linear,dim_type.equality_text,identity,domains/dimension_types.py:433,semantic_candidate,true,,,true,true,,,false,false,false,0,0,0,0
dimension_types_linear,dim_type.equality_witness_display,identity,domains/dimension_types.py:434,semantic_candidate,true,,,true,true,,,false,false,false,0,0,0,0
dimension_types_linear,dim_type.interior_tick_mark_display,identity,domains/dimension_types.py:439,semantic_candidate,true,,,true,true,,,false,false,false,0,0,0,0
dimension_types_linear,dim_type.interior_tick_mark_sig_hash,identity,domains/dimension_types.py:438,semantic_candidate,true,,,true,true,,,false,false,false,0,0,0,0
dimension_types_linear,dim_type.leader_tick_mark_sig_hash,identity,domains/dimension_types.py:425,semantic_candidate,true,,,true,true,,,false,false,false,0,0,0,0
dimension_types_linear,dim_type.leader_type,identity,domains/dimension_types.py:426,semantic_candidate,true,,,true,true,,,false,false,false,0,0,0,0
dimension_types_linear,dim_type.name,identity,domains/dimension_types.py:561,semantic_candidate,true,,,true,true,excluded,,false,false,true,0,0,0,0
dimension_types_linear,dim_type.prefix,identity,domains/dimension_types.py:422,semantic_candidate,true,,,true,true,required,required,true,false,false,0,0,0,0
dimension_types_linear,dim_type.rounding,identity,domains/dimension_types.py:421,semantic_candidate,true,,,true,true,required,required,true,false,false,0,0,0,0
dimension_types_linear,dim_type.shape,identity,domains/dimension_types.py:416,semantic_candidate,true,,,true,true,required,required,true,false,false,0,0,0,0
dimension_types_linear,dim_type.show_leader_when_text_moves,identity,domains/dimension_types.py:427,semantic_candidate,true,,,true,true,,,false,false,false,0,0,0,0
dimension_types_linear,dim_type.show_opening_height,identity,domains/dimension_types.py:442,semantic_candidate,true,,,true,true,,,false,false,false,0,0,0,0
dimension_types_linear,dim_type.source_element_id,phase2.unknown,domains/dimension_types.py:590,traceability_identifier,false,,File-local Revit ElementId emitted for source traceability; not portable configuration identity,false,false,,,false,false,false,0,0,0,0
dimension_types_linear,dim_type.source_unique_id,phase2.unknown,domains/dimension_types.py:591,traceability_identifier,false,,Revit UniqueId emitted for source traceability; not portable configuration identity,false,false,,,false,false,false,0,0,0,0
dimension_types_linear,dim_type.suffix,identity,domains/dimension_types.py:423,semantic_candidate,true,,,true,true,required,required,true,false,false,0,0,0,0
dimension_types_linear,dim_type.suppress_spaces,identity,domains/dimension_types.py:424,semantic_candidate,true,,,true,true,,,false,false,false,0,0,0,0
dimension_types_linear,dim_type.text_offset_in,identity,domains/dimension_types.py:440,semantic_candidate,true,,,true,true,,,false,false,false,0,0,0,0
dimension_types_linear,dim_type.tick_mark_line_weight,identity,domains/dimension_types.py:428,semantic_candidate,true,,,true,true,,,false,false,false,0,0,0,0
dimension_types_linear,dim_type.tick_mark_sig_hash,identity,domains/dimension_types.py:418,semantic_candidate,true,,,true,true,required,required,true,false,false,0,0,0,0
dimension_types_linear,dim_type.unit_format_id,identity,domains/dimension_types.py:420,semantic_candidate,true,,,true,true,required,required,true,false,false,0,0,0,0
dimension_types_linear,dim_type.witness_line_control,identity,domains/dimension_types.py:419,semantic_candidate,true,,,true,true,required,required,true,false,false,0,0,0,0
dimension_types_linear,dim_type.witness_line_extension_in,identity,domains/dimension_types.py:429,semantic_candidate,true,,,true,true,,,false,false,false,0,0,0,0
dimension_types_linear,dim_type.witness_line_gap_to_element_in,identity,domains/dimension_types.py:430,semantic_candidate,true,,,true,true,,,false,false,false,0,0,0,0
dimension_types_linear,dim_type.witness_line_length_in,identity,domains/dimension_types.py:431,semantic_candidate,true,,,true,true,,,false,false,false,0,0,0,0
dimension_types_linear,dim_type.witness_line_tick_mark_sig_hash,identity,domains/dimension_types.py:432,semantic_candidate,true,,,true,true,,,false,false,false,0,0,0,0
dimension_types_radial,dim_type.accuracy,identity,domains/dimension_types.py:1251,semantic_candidate,true,,,true,true,required,required,true,false,false,0,0,0,0
dimension_types_radial,dim_type.center_mark_size,identity,domains/dimension_types.py:1254,semantic_candidate,true,,,true,true,required,required,true,false,false,0,0,0,0
dimension_types_radial,dim_type.center_marks,identity,domains/dimension_types.py:1253,semantic_candidate,true,,,true,true,required,required,true,false,false,0,0,0,0
dimension_types_radial,dim_type.domain_family,phase2.coordination,domains/dimension_types.py:1378,semantic_candidate,true,,,true,true,,,false,false,false,0,0,0,0
dimension_types_radial,dim_type.leader_tick_mark_sig_hash,identity,domains/dimension_types.py:1259,semantic_candidate,true,,,true,true,,,false,false,false,0,0,0,0
dimension_types_radial,dim_type.leader_type,identity,domains/dimension_types.py:1260,semantic_candidate,true,,,true,true,,,false,false,false,0,0,0,0
dimension_types_radial,dim_type.name,identity,domains/dimension_types.py:1363,semantic_candidate,true,,,true,true,excluded,,false,false,true,0,0,0,0
dimension_types_radial,dim_type.radius_symbol_location,identity,domains/dimension_types.py:1255,semantic_candidate,true,,,true,true,required,required,true,false,false,0,0,0,0
dimension_types_radial,dim_type.radius_symbol_text,identity,domains/dimension_types.py:1256,semantic_candidate,true,,,true,true,required,required,true,false,false,0,0,0,0
dimension_types_radial,dim_type.shape,identity,domains/dimension_types.py:1250,semantic_candidate,true,,,true,true,required,required,true,false,false,0,0,0,0
dimension_types_radial,dim_type.show_leader_when_text_moves,identity,domains/dimension_types.py:1261,semantic_candidate,true,,,true,true,,,false,false,false,0,0,0,0
dimension_types_radial,dim_type.source_element_id,phase2.unknown,domains/dimension_types.py:1390,traceability_identifier,false,,File-local Revit ElementId emitted for source traceability; not portable configuration identity,false,false,,,false,false,false,0,0,0,0
dimension_types_radial,dim_type.source_unique_id,phase2.unknown,domains/dimension_types.py:1391,traceability_identifier,false,,Revit UniqueId emitted for source traceability; not portable configuration identity,false,false,,,false,false,false,0,0,0,0
dimension_types_radial,dim_type.suppress_spaces,identity,domains/dimension_types.py:1258,semantic_candidate,true,,,true,true,,,false,false,false,0,0,0,0
dimension_types_radial,dim_type.text_offset_in,identity,domains/dimension_types.py:1263,semantic_candidate,true,,,true,true,,,false,false,false,0,0,0,0
dimension_types_radial,dim_type.tick_mark_line_weight,identity,domains/dimension_types.py:1262,semantic_candidate,true,,,true,true,,,false,false,false,0,0,0,0
dimension_types_radial,dim_type.tick_mark_sig_hash,identity,domains/dimension_types.py:1252,semantic_candidate,true,,,true,true,required,required,true,false,false,0,0,0,0
dimension_types_radial,dim_type.unit_format_id,identity,domains/dimension_types.py:1257,semantic_candidate,true,,,true,true,required,required,true,false,false,0,0,0,0
dimension_types_spot_coordinate,dim_type.bottom_coordinate,identity,domains/dimension_types.py:2560,semantic_candidate,true,,,true,true,required,required,true,false,false,0,0,0,0
dimension_types_spot_coordinate,dim_type.coordinate_base,identity,domains/dimension_types.py:2576,semantic_candidate,true,,,true,true,,,false,false,false,0,0,0,0
dimension_types_spot_coordinate,dim_type.domain_family,phase2.coordination,domains/dimension_types.py:2687,semantic_candidate,true,,,true,true,,,false,false,false,0,0,0,0
dimension_types_spot_coordinate,dim_type.east_west_indicator,identity,domains/dimension_types.py:2562,semantic_candidate,true,,,true,true,required,required,true,false,false,0,0,0,0
dimension_types_spot_coordinate,dim_type.elevation_indicator,identity,domains/dimension_types.py:2564,semantic_candidate,true,,,true,true,required,required,true,false,false,0,0,0,0
dimension_types_spot_coordinate,dim_type.include_elevation,identity,domains/dimension_types.py:2563,semantic_candidate,true,,,true,true,required,required,true,false,false,0,0,0,0
dimension_types_spot_coordinate,dim_type.indicator_as_prefix_suffix,identity,domains/dimension_types.py:2565,semantic_candidate,true,,,true,true,required,required,true,false,false,0,0,0,0
dimension_types_spot_coordinate,dim_type.leader_arrowhead_line_weight,identity,domains/dimension_types.py:2573,semantic_candidate,true,,,true,true,,,false,false,false,0,0,0,0
dimension_types_spot_coordinate,dim_type.leader_arrowhead_name,identity,domains/dimension_types.py:2571,semantic_candidate,true,,,true,true,excluded,,false,false,true,0,0,0,0
dimension_types_spot_coordinate,dim_type.leader_arrowhead_sig_hash,identity,domains/dimension_types.py:2572,semantic_candidate,true,,,true,true,,,false,false,false,0,0,0,0
dimension_types_spot_coordinate,dim_type.leader_arrowhead_uid,identity,domains/dimension_types.py:2570,semantic_candidate,true,,,true,true,excluded,,false,false,true,0,0,0,0
dimension_types_spot_coordinate,dim_type.leader_line_weight,identity,domains/dimension_types.py:2574,semantic_candidate,true,,,true,true,,,false,false,false,0,0,0,0
dimension_types_spot_coordinate,dim_type.north_south_indicator,identity,domains/dimension_types.py:2561,semantic_candidate,true,,,true,true,required,required,true,false,false,0,0,0,0
dimension_types_spot_coordinate,dim_type.rotate_with_component,identity,domains/dimension_types.py:2575,semantic_candidate,true,,,true,true,,,false,false,false,0,0,0,0
dimension_types_spot_coordinate,dim_type.shape,identity,domains/dimension_types.py:2557,semantic_candidate,true,,,true,true,required,required,true,false,false,0,0,0,0
dimension_types_spot_coordinate,dim_type.source_element_id,phase2.unknown,domains/dimension_types.py:2699,traceability_identifier,false,,File-local Revit ElementId emitted for source traceability; not portable configuration identity,false,false,,,false,false,false,0,0,0,0
dimension_types_spot_coordinate,dim_type.source_unique_id,phase2.unknown,domains/dimension_types.py:2700,traceability_identifier,false,,Revit UniqueId emitted for source traceability; not portable configuration identity,false,false,,,false,false,false,0,0,0,0
dimension_types_spot_coordinate,dim_type.suppress_spaces,identity,domains/dimension_types.py:2569,semantic_candidate,true,,,true,true,,,false,false,false,0,0,0,0
dimension_types_spot_coordinate,dim_type.symbol_name,identity,domains/dimension_types.py:2568,semantic_candidate,true,,,true,true,required,required,true,false,false,0,0,0,0
dimension_types_spot_coordinate,dim_type.text_location,identity,domains/dimension_types.py:2567,semantic_candidate,true,,,true,true,required,required,true,false,false,0,0,0,0
dimension_types_spot_coordinate,dim_type.text_offset_from_leader_in,identity,domains/dimension_types.py:2577,semantic_candidate,true,,,true,true,,,false,false,false,0,0,0,0
dimension_types_spot_coordinate,dim_type.text_offset_from_symbol_in,identity,domains/dimension_types.py:2578,semantic_candidate,true,,,true,true,,,false,false,false,0,0,0,0
dimension_types_spot_coordinate,dim_type.text_orientation,identity,domains/dimension_types.py:2566,semantic_candidate,true,,,true,true,required,required,true,false,false,0,0,0,0
dimension_types_spot_coordinate,dim_type.top_coordinate,identity,domains/dimension_types.py:2559,semantic_candidate,true,,,true,true,required,required,true,false,false,0,0,0,0
dimension_types_spot_coordinate,dim_type.unit_format_id,identity,domains/dimension_types.py:2558,semantic_candidate,true,,,true,true,required,required,true,false,false,0,0,0,0
dimension_types_spot_elevation,dim_type.bottom_indicator,identity,domains/dimension_types.py:2090,semantic_candidate,true,,,true,true,required,required,true,false,false,0,0,0,0
dimension_types_spot_elevation,dim_type.bottom_indicator_as_prefix_suffix,identity,domains/dimension_types.py:2092,semantic_candidate,true,,,true,true,required,required,true,false,false,0,0,0,0
dimension_types_spot_elevation,dim_type.domain_family,phase2.coordination,domains/dimension_types.py:2210,semantic_candidate,true,,,true,true,,,false,false,false,0,0,0,0
dimension_types_spot_elevation,dim_type.elevation_base,identity,domains/dimension_types.py:2103,semantic_candidate,true,,,true,true,,,false,false,false,0,0,0,0
dimension_types_spot_elevation,dim_type.elevation_indicator,identity,domains/dimension_types.py:2087,semantic_candidate,true,,,true,true,required,required,true,false,false,0,0,0,0
dimension_types_spot_elevation,dim_type.elevation_indicator_as_prefix_suffix,identity,domains/dimension_types.py:2088,semantic_candidate,true,,,true,true,required,required,true,false,false,0,0,0,0
dimension_types_spot_elevation,dim_type.leader_arrowhead_line_weight,identity,domains/dimension_types.py:2100,semantic_candidate,true,,,true,true,,,false,false,false,0,0,0,0
dimension_types_spot_elevation,dim_type.leader_arrowhead_name,identity,domains/dimension_types.py:2098,semantic_candidate,true,,,true,true,excluded,,false,false,true,0,0,0,0
dimension_types_spot_elevation,dim_type.leader_arrowhead_sig_hash,identity,domains/dimension_types.py:2099,semantic_candidate,true,,,true,true,,,false,false,false,0,0,0,0
dimension_types_spot_elevation,dim_type.leader_arrowhead_uid,identity,domains/dimension_types.py:2097,semantic_candidate,true,,,true,true,excluded,,false,false,true,0,0,0,0
dimension_types_spot_elevation,dim_type.leader_line_weight,identity,domains/dimension_types.py:2101,semantic_candidate,true,,,true,true,,,false,false,false,0,0,0,0
dimension_types_spot_elevation,dim_type.rotate_with_component,identity,domains/dimension_types.py:2102,semantic_candidate,true,,,true,true,,,false,false,false,0,0,0,0
dimension_types_spot_elevation,dim_type.shape,identity,domains/dimension_types.py:2085,semantic_candidate,true,,,true,true,required,required,true,false,false,0,0,0,0
dimension_types_spot_elevation,dim_type.source_element_id,phase2.unknown,domains/dimension_types.py:2222,traceability_identifier,false,,File-local Revit ElementId emitted for source traceability; not portable configuration identity,false,false,,,false,false,false,0,0,0,0
dimension_types_spot_elevation,dim_type.source_unique_id,phase2.unknown,domains/dimension_types.py:2223,traceability_identifier,false,,Revit UniqueId emitted for source traceability; not portable configuration identity,false,false,,,false,false,false,0,0,0,0
dimension_types_spot_elevation,dim_type.suppress_spaces,identity,domains/dimension_types.py:2096,semantic_candidate,true,,,true,true,,,false,false,false,0,0,0,0
dimension_types_spot_elevation,dim_type.symbol_name,identity,domains/dimension_types.py:2095,semantic_candidate,true,,,true,true,required,required,true,false,false,0,0,0,0
dimension_types_spot_elevation,dim_type.text_location,identity,domains/dimension_types.py:2094,semantic_candidate,true,,,true,true,required,required,true,false,false,0,0,0,0
dimension_types_spot_elevation,dim_type.text_offset_from_leader_in,identity,domains/dimension_types.py:2104,semantic_candidate,true,,,true,true,,,false,false,false,0,0,0,0
dimension_types_spot_elevation,dim_type.text_offset_from_symbol_in,identity,domains/dimension_types.py:2105,semantic_candidate,true,,,true,true,,,false,false,false,0,0,0,0
dimension_types_spot_elevation,dim_type.text_orientation,identity,domains/dimension_types.py:2093,semantic_candidate,true,,,true,true,required,required,true,false,false,0,0,0,0
dimension_types_spot_elevation,dim_type.top_indicator,identity,domains/dimension_types.py:2089,semantic_candidate,true,,,true,true,required,required,true,false,false,0,0,0,0
dimension_types_spot_elevation,dim_type.top_indicator_as_prefix_suffix,identity,domains/dimension_types.py:2091,semantic_candidate,true,,,true,true,required,required,true,false,false,0,0,0,0
dimension_types_spot_elevation,dim_type.unit_format_id,identity,domains/dimension_types.py:2086,semantic_candidate,true,,,true,true,required,required,true,false,false,0,0,0,0
dimension_types_spot_slope,dim_type.domain_family,phase2.coordination,domains/dimension_types.py:3052,semantic_candidate,true,,,true,true,,,false,false,false,0,0,0,0
dimension_types_spot_slope,dim_type.leader_arrowhead_line_weight,identity,domains/dimension_types.py:2920,semantic_candidate,true,,,true,true,,,false,false,false,0,0,0,0
dimension_types_spot_slope,dim_type.leader_arrowhead_name,identity,domains/dimension_types.py:2918,semantic_candidate,true,,,true,true,excluded,,false,false,true,0,0,0,0
dimension_types_spot_slope,dim_type.leader_arrowhead_sig_hash,identity,domains/dimension_types.py:2919,semantic_candidate,true,,,true,true,,,false,false,false,0,0,0,0
dimension_types_spot_slope,dim_type.leader_arrowhead_uid,identity,domains/dimension_types.py:2917,semantic_candidate,true,,,true,true,excluded,,false,false,true,0,0,0,0
dimension_types_spot_slope,dim_type.leader_line_length,identity,domains/dimension_types.py:2915,semantic_candidate,true,,,true,true,required,required,true,false,false,0,0,0,0
dimension_types_spot_slope,dim_type.leader_line_weight,identity,domains/dimension_types.py:2921,semantic_candidate,true,,,true,true,,,false,false,false,0,0,0,0
dimension_types_spot_slope,dim_type.name,identity,domains/dimension_types.py:3037,semantic_candidate,true,,,true,true,excluded,,false,false,true,0,0,0,0
dimension_types_spot_slope,dim_type.rotate_with_component,identity,domains/dimension_types.py:2922,semantic_candidate,true,,,true,true,,,false,false,false,0,0,0,0
dimension_types_spot_slope,dim_type.shape,identity,domains/dimension_types.py:2912,semantic_candidate,true,,,true,true,required,required,true,false,false,0,0,0,0
dimension_types_spot_slope,dim_type.slope_direction,identity,domains/dimension_types.py:2914,semantic_candidate,true,,,true,true,required,required,true,false,false,0,0,0,0
dimension_types_spot_slope,dim_type.source_element_id,phase2.unknown,domains/dimension_types.py:3064,traceability_identifier,false,,File-local Revit ElementId emitted for source traceability; not portable configuration identity,false,false,,,false,false,false,0,0,0,0
dimension_types_spot_slope,dim_type.source_unique_id,phase2.unknown,domains/dimension_types.py:3065,traceability_identifier,false,,Revit UniqueId emitted for source traceability; not portable configuration identity,false,false,,,false,false,false,0,0,0,0
dimension_types_spot_slope,dim_type.suppress_spaces,identity,domains/dimension_types.py:2916,semantic_candidate,true,,,true,true,,,false,false,false,0,0,0,0
dimension_types_spot_slope,dim_type.text_offset_from_leader_in,identity,domains/dimension_types.py:2923,semantic_candidate,true,,,true,true,,,false,false,false,0,0,0,0
dimension_types_spot_slope,dim_type.unit_format_id,identity,domains/dimension_types.py:2913,semantic_candidate,true,,,true,true,required,required,true,false,false,0,0,0,0
fill_patterns_drafting,fill_pattern.elem_id,identity,domains/fill_patterns.py:1327,semantic_candidate,true,,,true,true,,,false,false,false,0,0,0,0
fill_patterns_drafting,fill_pattern.grid_count,identity,domains/fill_patterns.py:786,semantic_candidate,true,,,true,true,required,required,true,false,false,0,0,0,0
fill_patterns_drafting,fill_pattern.grids_def_hash,identity,domains/fill_patterns.py:1492,semantic_candidate,true,,,true,true,required,required,true,false,false,0,0,0,0
fill_patterns_drafting,fill_pattern.is_import,identity,domains/fill_patterns.py:1362,semantic_candidate,true,,,true,true,,,false,false,false,0,0,0,0
fill_patterns_drafting,fill_pattern.name,identity,domains/fill_patterns.py:960,semantic_candidate,true,,,true,true,excluded,,false,false,true,0,0,0,0
fill_patterns_drafting,fill_pattern.source_element_id,identity,domains/fill_patterns.py:1340,traceability_identifier,false,,File-local Revit ElementId emitted for source traceability; not portable configuration identity,false,false,,,false,false,false,0,0,0,0
fill_patterns_drafting,fill_pattern.source_unique_id,identity,domains/fill_patterns.py:1341,traceability_identifier,false,,Revit UniqueId emitted for source traceability; not portable configuration identity,false,false,,,false,false,false,0,0,0,0
fill_patterns_drafting,fill_pattern.target,identity,domains/fill_patterns.py:1344,semantic_candidate,true,,,true,true,required,required,true,false,false,0,0,0,0
fill_patterns_drafting,fill_pattern.uid,identity,domains/fill_patterns.py:1325,semantic_candidate,true,,,true,true,,,false,false,false,0,0,0,0
fill_patterns_model,fill_pattern.elem_id,identity,domains/fill_patterns.py:1327,semantic_candidate,true,,,true,true,,,false,false,false,0,0,0,0
fill_patterns_model,fill_pattern.grid_count,identity,domains/fill_patterns.py:1693,semantic_candidate,true,,,true,true,required,required,true,false,false,0,0,0,0
fill_patterns_model,fill_pattern.grids_def_hash,identity,domains/fill_patterns.py:1492,semantic_candidate,true,,,true,true,required,required,true,false,false,0,0,0,0
fill_patterns_model,fill_pattern.is_import,identity,domains/fill_patterns.py:1362,semantic_candidate,true,,,true,true,,,false,false,false,0,0,0,0
fill_patterns_model,fill_pattern.name,identity,domains/fill_patterns.py:1867,semantic_candidate,true,,,true,true,excluded,,false,false,true,0,0,0,0
fill_patterns_model,fill_pattern.source_element_id,identity,domains/fill_patterns.py:1340,traceability_identifier,false,,File-local Revit ElementId emitted for source traceability; not portable configuration identity,false,false,,,false,false,false,0,0,0,0
fill_patterns_model,fill_pattern.source_unique_id,identity,domains/fill_patterns.py:1341,traceability_identifier,false,,Revit UniqueId emitted for source traceability; not portable configuration identity,false,false,,,false,false,false,0,0,0,0
fill_patterns_model,fill_pattern.target,identity,domains/fill_patterns.py:1691,semantic_candidate,true,,,true,true,required,required,true,false,false,0,0,0,0
fill_patterns_model,fill_pattern.uid,identity,domains/fill_patterns.py:1325,semantic_candidate,true,,,true,true,,,false,false,false,0,0,0,0
floor_types,ft.coarse_fill_color_rgb,identity,domains/floor_types.py:204,semantic_candidate,true,,,true,true,excluded,,false,false,true,0,0,0,0
floor_types,ft.coarse_fill_pattern_sig_hash,identity,domains/floor_types.py:199,semantic_candidate,true,,,true,true,,,false,false,false,0,0,0,0
floor_types,ft.function,identity,domains/floor_types.py:195,semantic_candidate,true,,,true,true,required,,true,false,false,0,0,0,0
floor_types,ft.has_embedded_sweeps,identity,domains/floor_types.py:200,semantic_candidate,true,,,true,true,,,false,false,false,0,0,0,0
floor_types,ft.layer_count,identity,domains/floor_types.py:137,semantic_candidate,true,,,true,true,required,required,true,false,false,0,0,0,0
floor_types,ft.stack_hash_function_only,identity,domains/floor_types.py:198,semantic_candidate,true,,,true,true,,,false,false,false,0,0,0,0
floor_types,ft.stack_hash_loose,identity,domains/floor_types.py:139,semantic_candidate,true,,,true,true,required,required,true,false,false,0,0,0,0
floor_types,ft.stack_hash_strict,identity,domains/floor_types.py:197,semantic_candidate,true,,,true,true,,,false,false,false,0,0,0,0
floor_types,ft.total_layer_rows,identity,domains/floor_types.py:196,semantic_candidate,true,,,true,true,,,false,false,false,0,0,0,0
floor_types,ft.total_thickness_in,identity,domains/floor_types.py:138,semantic_candidate,true,,,true,true,required,required,true,false,false,0,0,0,0
floor_types,ft.type_name,identity,domains/floor_types.py:136,semantic_candidate,true,,,true,true,excluded,,false,false,true,0,0,0,0
identity,identity.central_path,identity,domains/identity.py:249,semantic_candidate,true,,,true,true,excluded,,false,false,true,0,0,0,0
identity,identity.central_path_norm,identity,domains/identity.py:253,semantic_candidate,true,,,true,true,excluded,,false,false,true,0,0,0,0
identity,identity.filename,identity,domains/identity.py:258,semantic_candidate,true,,,true,true,excluded,,false,false,true,0,0,0,0
identity,identity.is_workshared,identity,domains/identity.py:362,semantic_candidate,true,,,true,true,required,required,true,false,false,0,0,0,0
identity,identity.project_title,phase2.unknown,domains/identity.py:439,semantic_candidate,true,,,true,true,excluded,,false,false,true,0,0,0,0
identity,identity.revit_build,identity,domains/identity.py:371,semantic_candidate,true,,,true,true,optional,,false,true,false,0,0,0,0
identity,identity.revit_version_name,identity,domains/identity.py:368,semantic_candidate,true,,,true,true,optional,,false,true,false,0,0,0,0
identity,identity.revit_version_number,identity,domains/identity.py:365,semantic_candidate,true,,,true,true,optional,,false,true,false,0,0,0,0
identity,project_info.name,identity,domains/identity.py:217,semantic_candidate,true,,,true,true,excluded,,false,false,true,0,0,0,0
line_patterns,line_pattern.element_id,phase2.unknown,domains/line_patterns.py:462,semantic_candidate,true,,,true,true,excluded,,false,false,true,0,0,0,0
line_patterns,line_pattern.name,identity,domains/line_patterns.py:428,semantic_candidate,true,,,true,true,excluded,,false,false,true,0,0,0,0
line_patterns,line_pattern.segment_count,identity,domains/line_patterns.py:277,semantic_candidate,true,,,true,true,,required,true,false,false,0,0,0,0
line_patterns,line_pattern.segments_def_hash,identity,domains/line_patterns.py:314,semantic_candidate,true,,,true,true,excluded,,false,false,true,0,0,0,0
line_patterns,line_pattern.source_element_id,phase2.unknown,domains/line_patterns.py:480,traceability_identifier,false,,File-local Revit ElementId emitted for source traceability; not portable configuration identity,false,false,,,false,false,false,0,0,0,0
line_patterns,line_pattern.source_unique_id,phase2.unknown,domains/line_patterns.py:481,traceability_identifier,false,,Revit UniqueId emitted for source traceability; not portable configuration identity,false,false,,,false,false,false,0,0,0,0
line_patterns,line_pattern.uid,phase2.unknown,domains/line_patterns.py:447,semantic_candidate,true,,,true,true,excluded,,false,false,true,0,0,0,0
line_patterns,lp.is_import,phase2.coordination,domains/line_patterns.py:489,semantic_candidate,true,,,true,true,,,false,false,false,0,0,0,0
line_styles,line_style.color.rgb,identity,domains/line_styles.py:443,semantic_candidate,true,,,true,true,required,required,true,false,false,0,0,0,0
line_styles,line_style.parent_cat.id,identity,domains/line_styles.py:492,semantic_candidate,true,,,true,true,,,false,false,false,0,0,0,0
line_styles,line_style.parent_cat.name,identity,domains/line_styles.py:493,semantic_candidate,true,,,true,true,,,false,false,false,0,0,0,0
line_styles,line_style.path,identity,domains/line_styles.py:446,semantic_candidate,true,,,true,true,excluded,,false,false,true,0,0,0,0
line_styles,line_style.pattern_ref.kind,identity,domains/line_styles.py:368,semantic_candidate,true,,,true,true,excluded,,false,false,true,0,0,0,0
line_styles,line_style.pattern_ref.sig_hash,identity,domains/line_styles.py:377,semantic_candidate,true,,,true,true,required,required,true,false,false,0,0,0,0
line_styles,line_style.pattern_ref.synopsis,identity,domains/line_styles.py:451,semantic_candidate,true,,,true,true,,,false,false,false,0,0,0,0
line_styles,line_style.source_element_id,identity,domains/line_styles.py:464,traceability_identifier,false,,File-local Revit ElementId emitted for source traceability; not portable configuration identity,false,false,,,false,false,false,0,0,0,0
line_styles,line_style.source_unique_id,identity,domains/line_styles.py:465,traceability_identifier,false,,Revit UniqueId emitted for source traceability; not portable configuration identity,false,false,,,false,false,false,0,0,0,0
line_styles,line_style.weight.projection,identity,domains/line_styles.py:268,semantic_candidate,true,,,true,true,required,required,true,false,false,0,0,0,0
loaded_family_types,lft.family_is_editable,identity,domains/loaded_family_types.py:349,semantic_candidate,true,,,true,true,optional,,false,true,false,0,0,0,0
loaded_family_types,lft.family_is_in_place,identity,domains/loaded_family_types.py:348,semantic_candidate,true,,,true,true,optional,,false,true,false,0,0,0,0
loaded_family_types,lft.family_name,identity,domains/loaded_family_types.py:419,semantic_candidate,true,,,true,true,,,false,false,false,0,0,0,0
loaded_family_types,lft.family_symbol_count,identity,domains/loaded_family_types.py:350,semantic_candidate,true,,,true,true,excluded,,false,false,true,0,0,0,0
loaded_family_types,lft.is_active,identity,domains/loaded_family_types.py:353,semantic_candidate,true,,,true,true,excluded,,false,false,true,0,0,0,0
loaded_family_types,lft.shape_gate.category,identity,domains/loaded_family_types.py:344,semantic_candidate,true,,,true,true,required,required,true,false,false,0,0,0,0
loaded_family_types,lft.shape_gate.category_id,identity,domains/loaded_family_types.py:345,semantic_candidate,true,,,true,true,excluded,,false,false,true,0,0,0,0
loaded_family_types,lft.structural_material_type,identity,domains/loaded_family_types.py:352,semantic_candidate,true,,,true,true,excluded,,false,false,true,0,0,0,0
loaded_family_types,lft.type_count,identity,domains/loaded_family_types.py:351,semantic_candidate,true,,,true,true,excluded,,false,false,true,0,0,0,0
loaded_family_types,lft.type_parameter_count,identity,domains/loaded_family_types.py:347,semantic_candidate,true,,,true,true,excluded,,false,false,true,0,0,0,0
loaded_family_types,lft.type_parameter_schema_hash,identity,domains/loaded_family_types.py:346,semantic_candidate,true,,,true,true,required,required,true,false,false,0,0,0,0
materials,material.graphics_sig_hash_v2,identity,domains/materials.py:461,semantic_candidate,true,,,true,true,required,required,true,false,false,0,0,0,0
materials,material.name,identity,domains/materials.py:418,semantic_candidate,true,,,true,true,excluded,,false,false,true,0,0,0,0
materials,material.name_class_hash,identity,domains/materials.py:470,semantic_candidate,true,,,true,true,optional,required,true,true,false,0,0,0,0
object_styles_analytical,obj_style.can_add_subcategory,identity,domains/object_styles.py:391,semantic_candidate,true,,,true,true,,,false,false,false,0,0,0,0
object_styles_analytical,obj_style.category_type,phase2.coordination,domains/object_styles.py:480,semantic_candidate,true,,,true,true,,,false,false,false,0,0,0,0
object_styles_analytical,obj_style.color.rgb,identity,domains/object_styles.py:348,semantic_candidate,true,,,true,true,required,,true,false,false,0,0,0,0
object_styles_analytical,obj_style.domain_family,phase2.coordination,domains/object_styles.py:479,semantic_candidate,true,,,true,true,,,false,false,false,0,0,0,0
object_styles_analytical,obj_style.has_material_quantities,identity,domains/object_styles.py:397,semantic_candidate,true,,,true,true,,,false,false,false,0,0,0,0
object_styles_analytical,obj_style.is_cuttable,identity,domains/object_styles.py:403,semantic_candidate,true,,,true,true,,,false,false,false,0,0,0,0
object_styles_analytical,obj_style.is_subcategory,phase2.coordination,domains/object_styles.py:481,semantic_candidate,true,,,true,true,,,false,false,false,0,0,0,0
object_styles_analytical,obj_style.material_sig_hash,identity,domains/object_styles.py:189,semantic_candidate,true,,,true,true,excluded,,false,false,true,0,0,0,0
object_styles_analytical,obj_style.parent_name,identity,domains/object_styles.py:409,semantic_candidate,true,,,true,true,,,false,false,false,0,0,0,0
object_styles_analytical,obj_style.pattern_ref.sig_hash,identity,domains/object_styles.py:385,semantic_candidate,true,,,true,true,required,,true,false,false,0,0,0,0
object_styles_analytical,obj_style.row_key,phase2.unknown,domains/object_styles.py:503,semantic_candidate,true,,,true,true,required,required,true,false,false,0,0,0,0
object_styles_analytical,obj_style.source_element_id,phase2.unknown,domains/object_styles.py:497,traceability_identifier,false,,File-local Revit ElementId emitted for source traceability; not portable configuration identity,false,false,,,false,false,false,0,0,0,0
object_styles_analytical,obj_style.source_unique_id,phase2.unknown,domains/object_styles.py:498,traceability_identifier,false,,Revit UniqueId emitted for source traceability; not portable configuration identity,false,false,,,false,false,false,0,0,0,0
object_styles_analytical,obj_style.tab,phase2.coordination,domains/object_styles.py:482,semantic_candidate,true,,,true,true,,,false,false,false,0,0,0,0
object_styles_analytical,obj_style.weight.cut,identity,domains/object_styles.py:334,semantic_candidate,true,,,true,true,excluded,,false,false,true,0,0,0,0
object_styles_analytical,obj_style.weight.projection,identity,domains/object_styles.py:321,semantic_candidate,true,,,true,true,required,,true,false,false,0,0,0,0
object_styles_annotation,obj_style.can_add_subcategory,identity,domains/object_styles.py:391,semantic_candidate,true,,,true,true,,,false,false,false,0,0,0,0
object_styles_annotation,obj_style.category_type,phase2.coordination,domains/object_styles.py:480,semantic_candidate,true,,,true,true,,,false,false,false,0,0,0,0
object_styles_annotation,obj_style.color.rgb,identity,domains/object_styles.py:348,semantic_candidate,true,,,true,true,required,,true,false,false,0,0,0,0
object_styles_annotation,obj_style.domain_family,phase2.coordination,domains/object_styles.py:479,semantic_candidate,true,,,true,true,,,false,false,false,0,0,0,0
object_styles_annotation,obj_style.has_material_quantities,identity,domains/object_styles.py:397,semantic_candidate,true,,,true,true,,,false,false,false,0,0,0,0
object_styles_annotation,obj_style.is_cuttable,identity,domains/object_styles.py:403,semantic_candidate,true,,,true,true,,,false,false,false,0,0,0,0
object_styles_annotation,obj_style.is_subcategory,phase2.coordination,domains/object_styles.py:481,semantic_candidate,true,,,true,true,,,false,false,false,0,0,0,0
object_styles_annotation,obj_style.material_sig_hash,identity,domains/object_styles.py:189,semantic_candidate,true,,,true,true,excluded,,false,false,true,0,0,0,0
object_styles_annotation,obj_style.parent_name,identity,domains/object_styles.py:409,semantic_candidate,true,,,true,true,,,false,false,false,0,0,0,0
object_styles_annotation,obj_style.pattern_ref.sig_hash,identity,domains/object_styles.py:385,semantic_candidate,true,,,true,true,required,,true,false,false,0,0,0,0
object_styles_annotation,obj_style.row_key,phase2.unknown,domains/object_styles.py:503,semantic_candidate,true,,,true,true,required,required,true,false,false,0,0,0,0
object_styles_annotation,obj_style.source_element_id,phase2.unknown,domains/object_styles.py:497,traceability_identifier,false,,File-local Revit ElementId emitted for source traceability; not portable configuration identity,false,false,,,false,false,false,0,0,0,0
object_styles_annotation,obj_style.source_unique_id,phase2.unknown,domains/object_styles.py:498,traceability_identifier,false,,Revit UniqueId emitted for source traceability; not portable configuration identity,false,false,,,false,false,false,0,0,0,0
object_styles_annotation,obj_style.tab,phase2.coordination,domains/object_styles.py:482,semantic_candidate,true,,,true,true,,,false,false,false,0,0,0,0
object_styles_annotation,obj_style.weight.cut,identity,domains/object_styles.py:334,semantic_candidate,true,,,true,true,excluded,,false,false,true,0,0,0,0
object_styles_annotation,obj_style.weight.projection,identity,domains/object_styles.py:321,semantic_candidate,true,,,true,true,required,,true,false,false,0,0,0,0
object_styles_imported,obj_style.can_add_subcategory,identity,domains/object_styles.py:391,semantic_candidate,true,,,true,true,,,false,false,false,0,0,0,0
object_styles_imported,obj_style.category_type,phase2.coordination,domains/object_styles.py:480,semantic_candidate,true,,,true,true,,,false,false,false,0,0,0,0
object_styles_imported,obj_style.color.rgb,identity,domains/object_styles.py:348,semantic_candidate,true,,,true,true,required,,true,false,false,0,0,0,0
object_styles_imported,obj_style.domain_family,phase2.coordination,domains/object_styles.py:479,semantic_candidate,true,,,true,true,,,false,false,false,0,0,0,0
object_styles_imported,obj_style.has_material_quantities,identity,domains/object_styles.py:397,semantic_candidate,true,,,true,true,,,false,false,false,0,0,0,0
object_styles_imported,obj_style.is_cuttable,identity,domains/object_styles.py:403,semantic_candidate,true,,,true,true,,,false,false,false,0,0,0,0
object_styles_imported,obj_style.is_subcategory,phase2.coordination,domains/object_styles.py:481,semantic_candidate,true,,,true,true,,,false,false,false,0,0,0,0
object_styles_imported,obj_style.material_sig_hash,identity,domains/object_styles.py:189,semantic_candidate,true,,,true,true,excluded,,false,false,true,0,0,0,0
object_styles_imported,obj_style.parent_name,identity,domains/object_styles.py:409,semantic_candidate,true,,,true,true,,,false,false,false,0,0,0,0
object_styles_imported,obj_style.pattern_ref.sig_hash,identity,domains/object_styles.py:385,semantic_candidate,true,,,true,true,required,,true,false,false,0,0,0,0
object_styles_imported,obj_style.row_key,phase2.unknown,domains/object_styles.py:503,semantic_candidate,true,,,true,true,required,required,true,false,false,0,0,0,0
object_styles_imported,obj_style.source_element_id,phase2.unknown,domains/object_styles.py:497,traceability_identifier,false,,File-local Revit ElementId emitted for source traceability; not portable configuration identity,false,false,,,false,false,false,0,0,0,0
object_styles_imported,obj_style.source_unique_id,phase2.unknown,domains/object_styles.py:498,traceability_identifier,false,,Revit UniqueId emitted for source traceability; not portable configuration identity,false,false,,,false,false,false,0,0,0,0
object_styles_imported,obj_style.tab,phase2.coordination,domains/object_styles.py:482,semantic_candidate,true,,,true,true,,,false,false,false,0,0,0,0
object_styles_imported,obj_style.weight.cut,identity,domains/object_styles.py:334,semantic_candidate,true,,,true,true,excluded,,false,false,true,0,0,0,0
object_styles_imported,obj_style.weight.projection,identity,domains/object_styles.py:321,semantic_candidate,true,,,true,true,required,,true,false,false,0,0,0,0
object_styles_model,obj_style.can_add_subcategory,identity,domains/object_styles.py:391,semantic_candidate,true,,,true,true,,,false,false,false,0,0,0,0
object_styles_model,obj_style.category_type,phase2.coordination,domains/object_styles.py:480,semantic_candidate,true,,,true,true,,,false,false,false,0,0,0,0
object_styles_model,obj_style.color.rgb,identity,domains/object_styles.py:348,semantic_candidate,true,,,true,true,required,,true,false,false,0,0,0,0
object_styles_model,obj_style.domain_family,phase2.coordination,domains/object_styles.py:479,semantic_candidate,true,,,true,true,,,false,false,false,0,0,0,0
object_styles_model,obj_style.has_material_quantities,identity,domains/object_styles.py:397,semantic_candidate,true,,,true,true,,,false,false,false,0,0,0,0
object_styles_model,obj_style.is_cuttable,identity,domains/object_styles.py:403,semantic_candidate,true,,,true,true,,,false,false,false,0,0,0,0
object_styles_model,obj_style.is_subcategory,phase2.coordination,domains/object_styles.py:481,semantic_candidate,true,,,true,true,,,false,false,false,0,0,0,0
object_styles_model,obj_style.material_sig_hash,identity,domains/object_styles.py:189,semantic_candidate,true,,,true,true,optional,,false,true,false,0,0,0,0
object_styles_model,obj_style.parent_name,identity,domains/object_styles.py:409,semantic_candidate,true,,,true,true,,,false,false,false,0,0,0,0
object_styles_model,obj_style.pattern_ref.sig_hash,identity,domains/object_styles.py:385,semantic_candidate,true,,,true,true,required,,true,false,false,0,0,0,0
object_styles_model,obj_style.row_key,phase2.unknown,domains/object_styles.py:503,semantic_candidate,true,,,true,true,required,required,true,false,false,0,0,0,0
object_styles_model,obj_style.source_element_id,phase2.unknown,domains/object_styles.py:497,traceability_identifier,false,,File-local Revit ElementId emitted for source traceability; not portable configuration identity,false,false,,,false,false,false,0,0,0,0
object_styles_model,obj_style.source_unique_id,phase2.unknown,domains/object_styles.py:498,traceability_identifier,false,,Revit UniqueId emitted for source traceability; not portable configuration identity,false,false,,,false,false,false,0,0,0,0
object_styles_model,obj_style.tab,phase2.coordination,domains/object_styles.py:482,semantic_candidate,true,,,true,true,,,false,false,false,0,0,0,0
object_styles_model,obj_style.weight.cut,identity,domains/object_styles.py:334,semantic_candidate,true,,,true,true,required,,true,false,false,0,0,0,0
object_styles_model,obj_style.weight.projection,identity,domains/object_styles.py:321,semantic_candidate,true,,,true,true,required,,true,false,false,0,0,0,0
phase_filters,phase_filter.id.int,phase2.unknown,domains/phase_filters.py:281,semantic_candidate,true,,,true,true,,,false,false,false,0,0,0,0
phase_filters,phase_filter.name,phase2.coordination,domains/phase_filters.py:264,semantic_candidate,true,,,true,true,excluded,,false,false,true,0,0,0,0
phase_filters,phase_filter.source_element_id,phase2.unknown,domains/phase_filters.py:282,traceability_identifier,false,,File-local Revit ElementId emitted for source traceability; not portable configuration identity,false,false,,,false,false,false,0,0,0,0
phase_filters,phase_filter.source_unique_id,phase2.unknown,domains/phase_filters.py:283,traceability_identifier,false,,Revit UniqueId emitted for source traceability; not portable configuration identity,false,false,,,false,false,false,0,0,0,0
phase_filters,phase_filter.uid,phase2.unknown,domains/phase_filters.py:280,semantic_candidate,true,,,true,true,,,false,false,false,0,0,0,0
phase_graphics,phase_graphics.api_probe,identity,domains/phase_graphics.py:140,semantic_candidate,true,,,true,true,,,false,false,false,0,0,0,0
phase_graphics,phase_graphics.overrides,identity,domains/phase_graphics.py:144,semantic_candidate,true,,,true,true,,,false,false,false,0,0,0,0
phase_graphics,phase_graphics.scope,identity,domains/phase_graphics.py:64,semantic_candidate,true,,,true,true,,,false,false,false,0,0,0,0
phases,phase.name,identity,domains/phases.py:230,semantic_candidate,true,,,true,true,required,required,true,false,false,0,0,0,0
phases,phase.seq,identity,domains/phases.py:229,semantic_candidate,true,,,true,true,optional,required,true,true,false,0,0,0,0
phases,phase.source_element_id,phase2.unknown,domains/phases.py:97,traceability_identifier,false,,File-local Revit ElementId emitted for source traceability; not portable configuration identity,false,false,,,false,false,false,0,0,0,0
phases,phase.source_unique_id,phase2.unknown,domains/phases.py:98,traceability_identifier,false,,Revit UniqueId emitted for source traceability; not portable configuration identity,false,false,,,false,false,false,0,0,0,0
phases,phase.uid,phase2.unknown,domains/phases.py:84,semantic_candidate,true,,,true,true,,,false,false,false,0,0,0,0
roof_types,rt.coarse_fill_color_rgb,identity,domains/roof_types.py:177,semantic_candidate,true,,,true,true,excluded,,false,false,true,0,0,0,0
roof_types,rt.coarse_fill_pattern_sig_hash,identity,domains/roof_types.py:173,semantic_candidate,true,,,true,true,,,false,false,false,0,0,0,0
roof_types,rt.layer_count,identity,domains/roof_types.py:128,semantic_candidate,true,,,true,true,required,required,true,false,false,0,0,0,0
roof_types,rt.stack_hash_function_only,identity,domains/roof_types.py:172,semantic_candidate,true,,,true,true,,,false,false,false,0,0,0,0
roof_types,rt.stack_hash_loose,identity,domains/roof_types.py:130,semantic_candidate,true,,,true,true,required,required,true,false,false,0,0,0,0
roof_types,rt.stack_hash_strict,identity,domains/roof_types.py:171,semantic_candidate,true,,,true,true,,,false,false,false,0,0,0,0
roof_types,rt.total_layer_rows,identity,domains/roof_types.py:170,semantic_candidate,true,,,true,true,,,false,false,false,0,0,0,0
roof_types,rt.total_thickness_in,identity,domains/roof_types.py:129,semantic_candidate,true,,,true,true,required,required,true,false,false,0,0,0,0
roof_types,rt.type_name,identity,domains/roof_types.py:127,semantic_candidate,true,,,true,true,excluded,,false,false,true,0,0,0,0
text_types,text_type.background,identity,domains/text_types.py:528,semantic_candidate,true,,,true,true,,,false,false,false,0,0,0,0
text_types,text_type.bold,identity,domains/text_types.py:534,semantic_candidate,true,,,true,true,required,required,true,false,false,0,0,0,0
text_types,text_type.color_rgb,identity,domains/text_types.py:530,semantic_candidate,true,,,true,true,required,required,true,false,false,0,0,0,0
text_types,text_type.font,identity,domains/text_types.py:525,semantic_candidate,true,,,true,true,required,required,true,false,false,0,0,0,0
text_types,text_type.italic,identity,domains/text_types.py:535,semantic_candidate,true,,,true,true,required,required,true,false,false,0,0,0,0
text_types,text_type.leader_arrowhead_name,identity,domains/text_types.py:103,semantic_candidate,true,,,true,true,excluded,,false,false,true,0,0,0,0
text_types,text_type.leader_arrowhead_sig_hash,identity,domains/text_types.py:566,semantic_candidate,true,,,true,true,optional,,false,true,false,0,0,0,0
text_types,text_type.leader_arrowhead_uid,identity,domains/text_types.py:99,semantic_candidate,true,,,true,true,excluded,,false,false,true,0,0,0,0
text_types,text_type.leader_border_offset_in,identity,domains/text_types.py:532,semantic_candidate,true,,,true,true,optional,,false,true,false,0,0,0,0
text_types,text_type.line_weight,identity,domains/text_types.py:529,semantic_candidate,true,,,true,true,optional,,false,true,false,0,0,0,0
text_types,text_type.name,identity,domains/text_types.py:524,semantic_candidate,true,,,true,true,excluded,,false,false,true,0,0,0,0
text_types,text_type.show_border,identity,domains/text_types.py:531,semantic_candidate,true,,,true,true,optional,,false,true,false,0,0,0,0
text_types,text_type.size_in,identity,domains/text_types.py:526,semantic_candidate,true,,,true,true,required,required,true,false,false,0,0,0,0
text_types,text_type.source_element_id,identity,domains/text_types.py:122,traceability_identifier,false,,File-local Revit ElementId emitted for source traceability; not portable configuration identity,false,false,,,false,false,false,0,0,0,0
text_types,text_type.source_unique_id,identity,domains/text_types.py:123,traceability_identifier,false,,Revit UniqueId emitted for source traceability; not portable configuration identity,false,false,,,false,false,false,0,0,0,0
text_types,text_type.tab_size_in,identity,domains/text_types.py:533,semantic_candidate,true,,,true,true,optional,,false,true,false,0,0,0,0
text_types,text_type.underline,identity,domains/text_types.py:536,semantic_candidate,true,,,true,true,required,required,true,false,false,0,0,0,0
text_types,text_type.width_factor,identity,domains/text_types.py:527,semantic_candidate,true,,,true,true,required,required,true,false,false,0,0,0,0
units,units.accuracy,identity,domains/units.py:275,semantic_candidate,true,,,true,true,optional,,false,true,false,0,0,0,0
units,units.rounding_method,identity,domains/units.py:285,semantic_candidate,true,,,true,true,required,,true,false,false,0,0,0,0
units,units.spec,identity,domains/units.py:235,semantic_candidate,true,,,true,true,required,required,true,false,false,0,0,0,0
units,units.suppress_leading_zeros,identity,domains/units.py:325,semantic_candidate,true,,,true,true,,,false,false,false,0,0,0,0
units,units.suppress_spaces,identity,domains/units.py:335,semantic_candidate,true,,,true,true,,,false,false,false,0,0,0,0
units,units.suppress_trailing_zeros,identity,domains/units.py:345,semantic_candidate,true,,,true,true,,,false,false,false,0,0,0,0
units,units.symbol_type_id,identity,domains/units.py:265,semantic_candidate,true,,,true,true,,,false,false,false,0,0,0,0
units,units.unit_type_id,identity,domains/units.py:253,semantic_candidate,true,,,true,true,required,required,true,false,false,0,0,0,0
units,units.use_default,identity,domains/units.py:295,semantic_candidate,true,,,true,true,,,false,false,false,0,0,0,0
units,units.use_digit_grouping,identity,domains/units.py:305,semantic_candidate,true,,,true,true,,,false,false,false,0,0,0,0
units,units.use_plus_prefix,identity,domains/units.py:315,semantic_candidate,true,,,true,true,,,false,false,false,0,0,0,0
units_doc,units_doc.decimal_symbol,identity,domains/units.py:562,semantic_candidate,true,,,true,true,optional,,false,true,false,0,0,0,0
units_doc,units_doc.digit_grouping_amount,identity,domains/units.py:563,semantic_candidate,true,,,true,true,optional,,false,true,false,0,0,0,0
units_doc,units_doc.digit_grouping_symbol,identity,domains/units.py:564,semantic_candidate,true,,,true,true,optional,,false,true,false,0,0,0,0
view_category_overrides_annotation,vco.baseline_category_path,identity,domains/view_category_overrides_annotation.py:219,semantic_candidate,true,,,true,true,required,required,true,false,false,0,0,0,0
view_category_overrides_annotation,vco.baseline_sig_hash,identity,domains/view_category_overrides_annotation.py:220,semantic_candidate,true,,,true,true,required,required,true,false,false,0,0,0,0
view_category_overrides_annotation,vco.category_hidden,identity,domains/view_category_overrides_annotation.py:80,semantic_candidate,true,,,true,true,,,false,false,false,0,0,0,0
view_category_overrides_annotation,vco.context_type,identity,domains/view_category_overrides_annotation.py:280,semantic_candidate,true,,,true,true,,,false,false,false,0,0,0,0
view_category_overrides_annotation,vco.override_properties_hash,identity,domains/view_category_overrides_annotation.py:221,semantic_candidate,true,,,true,true,required,required,true,false,false,0,0,0,0
view_category_overrides_annotation,vco.template_element_id,identity,domains/view_category_overrides_annotation.py:297,semantic_candidate,true,,,true,true,,,false,false,false,0,0,0,0
view_category_overrides_annotation,vco.template_name,identity,domains/view_category_overrides_annotation.py:288,semantic_candidate,true,,,true,true,,,false,false,false,0,0,0,0
view_category_overrides_annotation,vco.template_unique_id,identity,domains/view_category_overrides_annotation.py:302,semantic_candidate,true,,,true,true,,,false,false,false,0,0,0,0
view_category_overrides_annotation,vco.vg_tab,identity,domains/view_category_overrides_annotation.py:279,semantic_candidate,true,,,true,true,,,false,false,false,0,0,0,0
view_category_overrides_model,vco.baseline_category_path,identity,domains/view_category_overrides_model.py:262,semantic_candidate,true,,,true,true,required,required,true,false,false,0,0,0,0
view_category_overrides_model,vco.baseline_sig_hash,identity,domains/view_category_overrides_model.py:263,semantic_candidate,true,,,true,true,required,required,true,false,false,0,0,0,0
view_category_overrides_model,vco.category_hidden,identity,domains/view_category_overrides_model.py:104,semantic_candidate,true,,,true,true,,,false,false,false,0,0,0,0
view_category_overrides_model,vco.context_type,identity,domains/view_category_overrides_model.py:323,semantic_candidate,true,,,true,true,,,false,false,false,0,0,0,0
view_category_overrides_model,vco.override_properties_hash,identity,domains/view_category_overrides_model.py:264,semantic_candidate,true,,,true,true,required,required,true,false,false,0,0,0,0
view_category_overrides_model,vco.template_element_id,identity,domains/view_category_overrides_model.py:340,semantic_candidate,true,,,true,true,,,false,false,false,0,0,0,0
view_category_overrides_model,vco.template_name,identity,domains/view_category_overrides_model.py:331,semantic_candidate,true,,,true,true,,,false,false,false,0,0,0,0
view_category_overrides_model,vco.template_unique_id,identity,domains/view_category_overrides_model.py:345,semantic_candidate,true,,,true,true,,,false,false,false,0,0,0,0
view_category_overrides_model,vco.vg_tab,identity,domains/view_category_overrides_model.py:322,semantic_candidate,true,,,true,true,,,false,false,false,0,0,0,0
view_filter_applications_view_templates,vfa.filter_stack_count,identity,domains/view_filter_applications_view_templates.py:212,semantic_candidate,true,,,true,true,excluded,,false,false,true,0,0,0,0
view_filter_applications_view_templates,vfa.source_element_id,identity,domains/view_filter_applications_view_templates.py:364,traceability_identifier,false,,File-local Revit ElementId emitted for source traceability; not portable configuration identity,false,false,,,false,false,false,0,0,0,0
view_filter_applications_view_templates,vfa.source_unique_id,identity,domains/view_filter_applications_view_templates.py:365,traceability_identifier,false,,Revit UniqueId emitted for source traceability; not portable configuration identity,false,false,,,false,false,false,0,0,0,0
view_filter_applications_view_templates,vfa.stack_def_hash,identity,domains/view_filter_applications_view_templates.py:321,semantic_candidate,true,,,true,true,required,required,true,false,false,0,0,0,0
view_filter_applications_view_templates,vfa.template_elem_id,identity,domains/view_filter_applications_view_templates.py:363,semantic_candidate,true,,,true,true,excluded,,false,false,true,0,0,0,0
view_filter_applications_view_templates,vfa.template_uid_or_namekey,identity,domains/view_filter_applications_view_templates.py:159,semantic_candidate,true,,,true,true,excluded,,false,false,true,0,0,0,0
view_filter_definitions,vf.categories,identity,domains/view_filter_definitions.py:320,semantic_candidate,true,,,true,true,excluded,,false,false,true,0,0,0,0
view_filter_definitions,vf.def_hash,identity,domains/view_filter_definitions.py:435,semantic_candidate,true,,,true,true,required,,true,false,false,0,0,0,0
view_filter_definitions,vf.elem_id,identity,domains/view_filter_definitions.py:519,semantic_candidate,true,,,true,true,excluded,,false,false,true,0,0,0,0
view_filter_definitions,vf.logic_root,identity,domains/view_filter_definitions.py:330,semantic_candidate,true,,,true,true,excluded,required,true,false,true,0,0,0,0
view_filter_definitions,vf.name,identity,domains/view_filter_definitions.py:590,semantic_candidate,true,,,true,true,,,false,false,false,0,0,0,0
view_filter_definitions,vf.rule_count,identity,domains/view_filter_definitions.py:344,semantic_candidate,true,,,true,true,excluded,required,true,false,true,0,0,0,0
view_filter_definitions,vf.source_element_id,identity,domains/view_filter_definitions.py:520,traceability_identifier,false,,File-local Revit ElementId emitted for source traceability; not portable configuration identity,false,false,,,false,false,false,0,0,0,0
view_filter_definitions,vf.source_unique_id,identity,domains/view_filter_definitions.py:521,traceability_identifier,false,,Revit UniqueId emitted for source traceability; not portable configuration identity,false,false,,,false,false,false,0,0,0,0
view_templates_ceiling_plans,view_template.category_overrides_def_hash,identity,domains/view_templates.py:356,semantic_candidate,true,,,true,true,excluded,,false,false,true,0,0,0,0
view_templates_ceiling_plans,view_template.def_hash,identity,domains/view_templates.py:354,semantic_candidate,true,,,true,true,required,required,true,false,false,0,0,0,0
view_templates_ceiling_plans,view_template.name,identity,domains/view_templates.py:1180,semantic_candidate,true,,,true,true,excluded,,false,false,true,0,0,0,0
view_templates_ceiling_plans,vt.assigned_view_count,phase2.cosmetic,domains/view_templates.py:118,semantic_candidate,true,,,true,true,,,false,false,false,0,0,0,0
view_templates_ceiling_plans,vt.view_type_family,phase2.coordination,domains/view_templates.py:1147,semantic_candidate,true,,,true,true,,,false,false,false,0,0,0,0
view_templates_ceiling_plans,vt.view_type_raw,phase2.coordination,domains/view_templates.py:1148,semantic_candidate,true,,,true,true,,,false,false,false,0,0,0,0
view_templates_elevations_sections_detail,view_template.category_overrides_def_hash,identity,domains/view_templates.py:356,semantic_candidate,true,,,true,true,excluded,,false,false,true,0,0,0,0
view_templates_elevations_sections_detail,view_template.def_hash,identity,domains/view_templates.py:354,semantic_candidate,true,,,true,true,required,required,true,false,false,0,0,0,0
view_templates_elevations_sections_detail,view_template.name,identity,domains/view_templates.py:1623,semantic_candidate,true,,,true,true,excluded,,false,false,true,0,0,0,0
view_templates_elevations_sections_detail,vt.assigned_view_count,phase2.cosmetic,domains/view_templates.py:118,semantic_candidate,true,,,true,true,,,false,false,false,0,0,0,0
view_templates_elevations_sections_detail,vt.view_type_family,phase2.coordination,domains/view_templates.py:1590,semantic_candidate,true,,,true,true,,,false,false,false,0,0,0,0
view_templates_elevations_sections_detail,vt.view_type_raw,phase2.coordination,domains/view_templates.py:1591,semantic_candidate,true,,,true,true,,,false,false,false,0,0,0,0
view_templates_floor_structural_area_plans,view_template.category_overrides_def_hash,identity,domains/view_templates.py:356,semantic_candidate,true,,,true,true,excluded,,false,false,true,0,0,0,0
view_templates_floor_structural_area_plans,view_template.def_hash,identity,domains/view_templates.py:354,semantic_candidate,true,,,true,true,required,required,true,false,false,0,0,0,0
view_templates_floor_structural_area_plans,view_template.name,identity,domains/view_templates.py:763,semantic_candidate,true,,,true,true,excluded,,false,false,true,0,0,0,0
view_templates_floor_structural_area_plans,vt.assigned_view_count,phase2.cosmetic,domains/view_templates.py:118,semantic_candidate,true,,,true,true,,,false,false,false,0,0,0,0
view_templates_floor_structural_area_plans,vt.view_type_family,phase2.coordination,domains/view_templates.py:730,semantic_candidate,true,,,true,true,,,false,false,false,0,0,0,0
view_templates_floor_structural_area_plans,vt.view_type_raw,phase2.coordination,domains/view_templates.py:731,semantic_candidate,true,,,true,true,,,false,false,false,0,0,0,0
view_templates_renderings_drafting,view_template.category_overrides_def_hash,identity,domains/view_templates.py:356,semantic_candidate,true,,,true,true,excluded,,false,false,true,0,0,0,0
view_templates_renderings_drafting,view_template.def_hash,identity,domains/view_templates.py:354,semantic_candidate,true,,,true,true,required,required,true,false,false,0,0,0,0
view_templates_renderings_drafting,view_template.name,identity,domains/view_templates.py:2043,semantic_candidate,true,,,true,true,excluded,,false,false,true,0,0,0,0
view_templates_renderings_drafting,vt.assigned_view_count,phase2.cosmetic,domains/view_templates.py:118,semantic_candidate,true,,,true,true,,,false,false,false,0,0,0,0
view_templates_renderings_drafting,vt.view_type_family,phase2.coordination,domains/view_templates.py:2010,semantic_candidate,true,,,true,true,,,false,false,false,0,0,0,0
view_templates_renderings_drafting,vt.view_type_raw,phase2.coordination,domains/view_templates.py:2011,semantic_candidate,true,,,true,true,,,false,false,false,0,0,0,0
view_templates_schedules,view_template.category_overrides_def_hash,identity,domains/view_templates.py:356,semantic_candidate,true,,,true,true,excluded,,false,false,true,0,0,0,0
view_templates_schedules,view_template.def_hash,identity,domains/view_templates.py:354,semantic_candidate,true,,,true,true,required,required,true,false,false,0,0,0,0
view_templates_schedules,view_template.name,identity,domains/view_templates.py:2475,semantic_candidate,true,,,true,true,excluded,,false,false,true,0,0,0,0
view_templates_schedules,vt.assigned_view_count,phase2.cosmetic,domains/view_templates.py:118,semantic_candidate,true,,,true,true,,,false,false,false,0,0,0,0
wall_types,wt.coarse_fill_color_rgb,identity,domains/wall_types.py:289,semantic_candidate,true,,,true,true,excluded,,false,false,true,0,0,0,0
wall_types,wt.coarse_fill_pattern_sig_hash,identity,domains/wall_types.py:284,semantic_candidate,true,,,true,true,,,false,false,false,0,0,0,0
wall_types,wt.function,identity,domains/wall_types.py:272,semantic_candidate,true,,,true,true,required,,true,false,false,0,0,0,0
wall_types,wt.has_embedded_sweeps,identity,domains/wall_types.py:285,semantic_candidate,true,,,true,true,,,false,false,false,0,0,0,0
wall_types,wt.kind,identity,domains/wall_types.py:182,semantic_candidate,true,,,true,true,,,false,false,false,0,0,0,0
wall_types,wt.layer_count,identity,domains/wall_types.py:275,semantic_candidate,true,,,true,true,required,required,true,false,false,0,0,0,0
wall_types,wt.stack_hash_function_only,identity,domains/wall_types.py:283,semantic_candidate,true,,,true,true,,,false,false,false,0,0,0,0
wall_types,wt.stack_hash_loose,identity,domains/wall_types.py:277,semantic_candidate,true,,,true,true,required,required,true,false,false,0,0,0,0
wall_types,wt.stack_hash_strict,identity,domains/wall_types.py:282,semantic_candidate,true,,,true,true,,,false,false,false,0,0,0,0
wall_types,wt.total_layer_rows,identity,domains/wall_types.py:281,semantic_candidate,true,,,true,true,,,false,false,false,0,0,0,0
wall_types,wt.total_thickness_in,identity,domains/wall_types.py:276,semantic_candidate,true,,,true,true,required,required,true,false,false,0,0,0,0
wall_types,wt.type_name,identity,domains/wall_types.py:181,semantic_candidate,true,,,true,true,excluded,,false,false,true,0,0,0,0
wall_types,wt.wraps_at_ends,identity,domains/wall_types.py:274,semantic_candidate,true,,,true,true,optional,,false,true,false,0,0,0,0
wall_types,wt.wraps_at_inserts,identity,domains/wall_types.py:273,semantic_candidate,true,,,true,true,optional,,false,true,false,0,0,0,0
worksets,workset.is_active_workset,identity,domains/worksets.py:248,semantic_candidate,true,,,true,true,excluded,,false,false,true,0,0,0,0
worksets,workset.is_default_workset,identity,domains/worksets.py:246,semantic_candidate,true,,,true,true,optional,required,true,true,false,0,0,0,0
worksets,workset.is_editable,identity,domains/worksets.py:245,semantic_candidate,true,,,true,true,excluded,,false,false,true,0,0,0,0
worksets,workset.kind,identity,domains/worksets.py:244,semantic_candidate,true,,,true,true,optional,required,true,true,false,0,0,0,0
worksets,workset.name,identity,domains/worksets.py:243,semantic_candidate,true,,,true,true,required,required,true,false,false,0,0,0,0
worksets,workset.owner,identity,domains/worksets.py:247,semantic_candidate,true,,,true,true,excluded,,false,false,true,0,0,0,0
worksets,workset.unique_id,identity,domains/worksets.py:249,semantic_candidate,true,,,true,true,excluded,,false,false,true,0,0,0,0
worksets_doc,worksets_doc.active_workset_name,identity,domains/worksets.py:358,semantic_candidate,true,,,true,true,optional,,false,true,false,0,0,0,0
worksets_doc,worksets_doc.is_workshared,identity,domains/worksets.py:348,semantic_candidate,true,,,true,true,optional,,false,true,false,0,0,0,0
