source_relative_path,chunk_relative_path,chunk_number,start_line,end_line,overlap_lines,symbols,source_sha256,chunk_sha256,char_count,estimated_tokens
CHANGELOG.md,chunks/ab09011fa121__CHANGELOG.md__part0001.md,1,1,400,0,,4fec943c22afdfaa820cb9077538d951922289c152ad0d6436e45f8ff6d49213,c533317665776bdbf7fb01684407c3655868cc07d297a5b3cfdc5c0a325f8717,32375,8094
CHANGELOG.md,chunks/ab09011fa121__CHANGELOG.md__part0002.md,2,391,796,10,,4fec943c22afdfaa820cb9077538d951922289c152ad0d6436e45f8ff6d49213,4c1662049c42e0bdcf18daf016a17170952f91dc87f4d515940676a945e743b9,33572,8393
CHANGELOG.md,chunks/ab09011fa121__CHANGELOG.md__part0003.md,3,797,1205,0,,4fec943c22afdfaa820cb9077538d951922289c152ad0d6436e45f8ff6d49213,e5344f884d4280b63acb7b096489125ed3e9476a9dbfc9c32ef6345bd27a4e45,33189,8297
CHANGELOG.md,chunks/ab09011fa121__CHANGELOG.md__part0004.md,4,1206,1605,0,,4fec943c22afdfaa820cb9077538d951922289c152ad0d6436e45f8ff6d49213,6cc2852d8624263983299b2e43cc775ce4bf89bd4eef527ffb79fd5df2f49630,30682,7670
CHANGELOG.md,chunks/ab09011fa121__CHANGELOG.md__part0005.md,5,1596,2008,10,,4fec943c22afdfaa820cb9077538d951922289c152ad0d6436e45f8ff6d49213,78e42116b40ac99d0a08e8e0df816e4c9cef2981c9ac9e5036c8f4ad37c7a258,32689,8172
CHANGELOG.md,chunks/ab09011fa121__CHANGELOG.md__part0006.md,6,2009,2409,0,,4fec943c22afdfaa820cb9077538d951922289c152ad0d6436e45f8ff6d49213,792412412e75c2f7a71d0ff7b370d41301200e1e3111ad127eb764c373c9f53a,29225,7306
CHANGELOG.md,chunks/ab09011fa121__CHANGELOG.md__part0007.md,7,2410,2477,0,,4fec943c22afdfaa820cb9077538d951922289c152ad0d6436e45f8ff6d49213,0d2dc2f5dedec8c11ebccd24b9a52432ba164ee97da898c48092eeaf6ac7ff48,5385,1346
DECISIONS.md,chunks/1a8341e0f92d__DECISIONS.md__part0001.md,1,1,399,0,,8ed07306f5b9f68e40e1373d6eb567f822e92ba18bed964edfc92c80cb0cb774,421d1e185c4c24cbdf68f1d007303f0fb412f77e0900bd1d3bc6b804d6983fde,17772,4443
DECISIONS.md,chunks/1a8341e0f92d__DECISIONS.md__part0002.md,2,400,792,0,,8ed07306f5b9f68e40e1373d6eb567f822e92ba18bed964edfc92c80cb0cb774,832e53fcc11f0b7c6b909ffb5d47559552f94e5e1c821d1ea90b98e6e00b1efa,24911,6228
DECISIONS.md,chunks/1a8341e0f92d__DECISIONS.md__part0003.md,3,793,1192,0,,8ed07306f5b9f68e40e1373d6eb567f822e92ba18bed964edfc92c80cb0cb774,46790e6e07914fb96b85451678f67622e8afef74ba2382a56f58c52f9163d1c3,27811,6953
DECISIONS.md,chunks/1a8341e0f92d__DECISIONS.md__part0004.md,4,1193,1591,0,,8ed07306f5b9f68e40e1373d6eb567f822e92ba18bed964edfc92c80cb0cb774,1c560e89df5ed7f61efc8a6c77f4fca0b1cfdaee6c023824c8fdaf90fa9918d3,47217,11804
DECISIONS.md,chunks/1a8341e0f92d__DECISIONS.md__part0005.md,5,1592,1674,0,,8ed07306f5b9f68e40e1373d6eb567f822e92ba18bed964edfc92c80cb0cb774,c4a26dd73f21efb209b792f481a99df2fc98563244a656708f0b1391caca3fa1,5915,1479
audit_results/audit_11_domain_extractor_delta_step0_findings.md,chunks/049bd73b63d2__audit_11_domain_extractor_delta_step0_findings.md__part0001.md,1,1,400,0,,01f11c8c682797050e9ae4b111c8ac4d175573981d3e9c5285b02c1256fd9bbd,53aa22cbb207e3d1aee7ab83460a37d5b882d6eabc1c7dbc78c51e5221fc8abb,72519,18130
audit_results/audit_11_domain_extractor_delta_step0_findings.md,chunks/049bd73b63d2__audit_11_domain_extractor_delta_step0_findings.md__part0002.md,2,401,517,0,,01f11c8c682797050e9ae4b111c8ac4d175573981d3e9c5285b02c1256fd9bbd,e7bfa0871f97db7d5fdd3f8d3ee56ea8cc78fb71a1c7fc58be1090dc424d0320,23064,5766
contracts/domain_identity_keys_v2.json,chunks/9e0b09c75a77__domain_identity_keys_v2.json__part0001.md,1,1,400,0,,97b5e6834d04d3f21f92697078fa5f994471002da74d6487c4bc46e4cab7ad10,12d422d4db0d8ff1d7692c45cf286403242c034c77e65d636e9d535fe7b40486,23994,5998
contracts/domain_identity_keys_v2.json,chunks/9e0b09c75a77__domain_identity_keys_v2.json__part0002.md,2,391,790,10,,97b5e6834d04d3f21f92697078fa5f994471002da74d6487c4bc46e4cab7ad10,bd1003a8d64387cfbdc06f4badb09992aacc8c66c43930a3d2cff4112a8f1b60,26392,6598
contracts/domain_identity_keys_v2.json,chunks/9e0b09c75a77__domain_identity_keys_v2.json__part0003.md,3,781,1180,10,,97b5e6834d04d3f21f92697078fa5f994471002da74d6487c4bc46e4cab7ad10,f33d9fd170b344c20fda052bee194c675dbc0a7aacaddc66e5de5bb6c08e757c,18261,4565
contracts/domain_identity_keys_v2.json,chunks/9e0b09c75a77__domain_identity_keys_v2.json__part0004.md,4,1171,1441,10,,97b5e6834d04d3f21f92697078fa5f994471002da74d6487c4bc46e4cab7ad10,cfc22cb5feb81684e8d7819374543db68a0ce7afa33b78a11e2c5c3074a12631,10037,2509
core/dimension_type_helpers.py,chunks/c13a1981ce9c__dimension_type_helpers.py__part0001.md,1,1,401,0,_get_dimension_shape;_fmt_in_from_ft;_fmt_float;_format_options_to_kv;get_type_display_name,dc024129e8ca371f3567208f529d49c1000eb622f9944da778190d69805bdfd6,6a07c33ed7e52f93ab349a0b3672cde1d63423256d06cc563cb5531e78b95239,16429,4107
core/dimension_type_helpers.py,chunks/c13a1981ce9c__dimension_type_helpers.py__part0002.md,2,402,858,0,_build_text_appearance_items;_read_tick_mark_sig_hash;_read_unit_format_info;_read_unit_format_info._units_fo_not_applicable;_read_prefix_suffix;_read_leader_arrowhead;_read_arrowhead_ref_sig_hash,dc024129e8ca371f3567208f529d49c1000eb622f9944da778190d69805bdfd6,f8bcc11432d44db5c776b6e2a21969c598d50bb6eddb52bd8d5beeaa767b08b9,22910,5728
core/dimension_type_helpers.py,chunks/c13a1981ce9c__dimension_type_helpers.py__part0003.md,3,859,1091,0,_read_element_ref_name;_read_line_pattern_ref_sig_hash;_build_alternate_units_items,dc024129e8ca371f3567208f529d49c1000eb622f9944da778190d69805bdfd6,09a14bfb0f272a0a4915e902b59ba998ad7a50d41487b30f4926c19c6c51a031,12935,3234
domains/dimension_types.py,chunks/13a7e472e618__dimension_types.py__part0001.md,1,1,177,0,_collect_dim_types;_build_dimension_instance_count_map;_attach_placeholder_metadata;_apply_family_name_override,29cea2f388ccdc1ff2966274109704ce2ee7520daee1439183b6ad89017586ab,d569d540262cde5ee32e301697c99ed326c6beb65e93ab9d4201e343043dd5d2,8042,2010
domains/dimension_types.py,chunks/13a7e472e618__dimension_types.py__part0002.md,2,178,652,0,extract_linear;_apply_family_name_override,29cea2f388ccdc1ff2966274109704ce2ee7520daee1439183b6ad89017586ab,56607cf78b25c779047c7695bae442593e7e50cbef667cc9ccf8c583c10f5f3e,28786,7196
domains/dimension_types.py,chunks/13a7e472e618__dimension_types.py__part0003.md,3,653,1079,0,extract_angular;_apply_family_name_override,29cea2f388ccdc1ff2966274109704ce2ee7520daee1439183b6ad89017586ab,201ec5f36e6eae33273d040480ed362fb390fe4c281508bd49f8a66fada4076e,24994,6248
domains/dimension_types.py,chunks/13a7e472e618__dimension_types.py__part0004.md,4,1080,1452,0,extract_radial;_apply_family_name_override,29cea2f388ccdc1ff2966274109704ce2ee7520daee1439183b6ad89017586ab,fa16fdb6c445207a967d21d8bc3f6a1891886d9cccc09d08c8cd7a8791bc8204,20419,5105
domains/dimension_types.py,chunks/13a7e472e618__dimension_types.py__part0005.md,5,1453,1870,0,extract_diameter;_apply_family_name_override;_read_symbol_name,29cea2f388ccdc1ff2966274109704ce2ee7520daee1439183b6ad89017586ab,14e0ca176781747bd5d3364e1ed816c078354242275a9ff1bc5c363b404eb981,22150,5538
domains/dimension_types.py,chunks/13a7e472e618__dimension_types.py__part0006.md,6,1871,2329,0,extract_spot_elevation;_apply_family_name_override;_read_symbol_name,29cea2f388ccdc1ff2966274109704ce2ee7520daee1439183b6ad89017586ab,e00981d17321c8c1113e9a5e243109d3b4544ca8b6e6c2cff960e2f5589072bf,25690,6422
domains/dimension_types.py,chunks/13a7e472e618__dimension_types.py__part0007.md,7,2330,2760,0,extract_spot_coordinate;_apply_family_name_override,29cea2f388ccdc1ff2966274109704ce2ee7520daee1439183b6ad89017586ab,0bfa68a98f341a1639f36b981045390aac7f737733bde52ed5a782621075e923,25126,6282
domains/dimension_types.py,chunks/13a7e472e618__dimension_types.py__part0008.md,8,2761,3103,0,extract_spot_slope,29cea2f388ccdc1ff2966274109704ce2ee7520daee1439183b6ad89017586ab,ca4d3553c15592a3becf2582087979e3f8ae8594cfe486db25b79c905e76ead4,19594,4898
domains/fill_patterns.py,chunks/7f35d862c985__fill_patterns.py__part0001.md,1,1,132,0,_phase2_fill_pattern_is_import;_export_fill_pattern_ctx;_collect_fill_patterns,30da073fc127a2ee2c9133e6348b0a2099f02ec5ae001d02fcf0ce69a1287358,9b3de351c8c3667ca1c47c4b3222f1f59e516497e90fe4ba7ef69bc9d04ce4bf,5857,1464
domains/fill_patterns.py,chunks/7f35d862c985__fill_patterns.py__part0002.md,2,133,532,0,extract_drafting;extract_drafting.f;extract_drafting.grid_sig;extract_drafting.grid_sig.add_float;extract_drafting.grid_sig.add_origin_2d;extract_drafting._bump_v2_reason;extract_drafting._grid_sig_v2;extract_drafting._grid_sig_v2.req_float;extract_drafting._grid_sig_v2.req_origin;extract_drafting._phase2_try_get_grid;extract_drafting._phase2_add_float;extract_drafting._phase2_add_int;extract_drafting._phase2_add_bool;extract_drafting._phase2_add_str;extract_drafting._phase2_build_phase2,30da073fc127a2ee2c9133e6348b0a2099f02ec5ae001d02fcf0ce69a1287358,3bea528c396e3182e07fc7b932fcd5f5c9eca3ed0fc2bf7247fec5c3e9277688,19122,4780
domains/fill_patterns.py,chunks/7f35d862c985__fill_patterns.py__part0003.md,3,533,932,0,extract_drafting;extract_drafting._phase2_build_phase2,30da073fc127a2ee2c9133e6348b0a2099f02ec5ae001d02fcf0ce69a1287358,f0b8b236ccce9f3d3d2342020d0f00b466f3587d17c11106df405f4baf5d7b23,20456,5114
domains/fill_patterns.py,chunks/7f35d862c985__fill_patterns.py__part0004.md,4,933,1038,0,extract_drafting,30da073fc127a2ee2c9133e6348b0a2099f02ec5ae001d02fcf0ce69a1287358,bdbf1554fc3256aafed2c3142741c30a5cb7cac15bddd5ad542e2f73fe9c3971,5917,1479
domains/fill_patterns.py,chunks/7f35d862c985__fill_patterns.py__part0005.md,5,1039,1039,0,,30da073fc127a2ee2c9133e6348b0a2099f02ec5ae001d02fcf0ce69a1287358,2f653167fbaa687d519d3216ec492dc4aae06cb3db0b67ca68c4612952d463b6,372,93
domains/fill_patterns.py,chunks/7f35d862c985__fill_patterns.py__part0006.md,6,1040,1439,0,extract_model;extract_model.f;extract_model.grid_sig;extract_model.grid_sig.add_float;extract_model.grid_sig.add_origin_2d;extract_model._bump_v2_reason;extract_model._grid_sig_v2;extract_model._grid_sig_v2.req_float;extract_model._grid_sig_v2.req_origin;extract_model._phase2_try_get_grid;extract_model._phase2_add_float;extract_model._phase2_add_int;extract_model._phase2_add_bool;extract_model._phase2_add_str;extract_model._phase2_build_phase2,30da073fc127a2ee2c9133e6348b0a2099f02ec5ae001d02fcf0ce69a1287358,346d27c3fa6ad396cfebc779e345cb39ff37b5a8a6d0853a030207adc5a14940,19064,4766
domains/fill_patterns.py,chunks/7f35d862c985__fill_patterns.py__part0007.md,7,1440,1839,0,extract_model;extract_model._phase2_build_phase2,30da073fc127a2ee2c9133e6348b0a2099f02ec5ae001d02fcf0ce69a1287358,73d1e189e581e11aa4ce23839d9bc69f95dcfd3841bf90f8ab2cd011852597e7,20446,5112
domains/fill_patterns.py,chunks/7f35d862c985__fill_patterns.py__part0008.md,8,1840,1945,0,extract_model,30da073fc127a2ee2c9133e6348b0a2099f02ec5ae001d02fcf0ce69a1287358,af7bed3fc3657a5bc6c670c785902eaf2dfb8ead3c8b365c007e0326227ee9ee,5912,1478
domains/view_templates.py,chunks/24adc54871e3__view_templates.py__part0001.md,1,1,421,0,_collect_templates;_non_ctrl_bips_from_view;_is_template_param_included;_append_assigned_view_count_cosmetic_item;_append_phase_filter_value;_append_filter_stack_signature;_append_workset_visibility;_phase2_items_from_def_signature;_canonical_identity_items_from_signature;_semantic_keys_from_identity_items;_build_floor_structural_area_viewtype_set;_build_ceiling_plan_viewtype_set,ca478c676990e318341a80d987cc318a4531ef7d17b52cb5fd1b41c67678296d,5edb05a9fbc1d748c036f854bbf5ea4420838cec669b58ec416410211101c459,19341,4835
domains/view_templates.py,chunks/24adc54871e3__view_templates.py__part0002.md,2,422,846,0,extract_floor_structural_area_plans;extract_floor_structural_area_plans._v2_block,ca478c676990e318341a80d987cc318a4531ef7d17b52cb5fd1b41c67678296d,e250250aa9da32df6dd9e0fa9ed9eb658bbd609dc149329ed5d61d7e9b14f6a4,19346,4836
domains/view_templates.py,chunks/24adc54871e3__view_templates.py__part0003.md,3,847,1296,0,extract_ceiling_plans;extract_ceiling_plans._v2_block;_build_elevation_section_detail_viewtype_set,ca478c676990e318341a80d987cc318a4531ef7d17b52cb5fd1b41c67678296d,e7cbc69e18794b6feb62a949fd0be8b7c8e2f12868d9ec25f1ca59b99ab50ef2,20358,5090
domains/view_templates.py,chunks/24adc54871e3__view_templates.py__part0004.md,4,1297,1722,0,extract_elevations_sections_detail;extract_elevations_sections_detail._v2_block;_build_renderings_drafting_viewtype_set,ca478c676990e318341a80d987cc318a4531ef7d17b52cb5fd1b41c67678296d,b6b467001b82aae8405411eb8801d30b600744e068bc1713dedf6e550080b2b9,19154,4788
domains/view_templates.py,chunks/24adc54871e3__view_templates.py__part0005.md,5,1723,2144,0,extract_renderings_drafting;extract_renderings_drafting._v2_block;_is_schedule_view,ca478c676990e318341a80d987cc318a4531ef7d17b52cb5fd1b41c67678296d,94d8b9393aaf6c314c4e4303362b4db74870bf8d6ea31f77a6d80ad2aac96cf9,18859,4715
domains/view_templates.py,chunks/24adc54871e3__view_templates.py__part0006.md,6,2145,2557,0,extract_schedules;extract_schedules._v2_block,ca478c676990e318341a80d987cc318a4531ef7d17b52cb5fd1b41c67678296d,1e0eac12ada84bcd24849011bd9fc78062267b498bf3040ddf040824e8426a43,18334,4584
legacy/fingerprint_mvp.py,chunks/6ce1da1273be__fingerprint_mvp.py__part0001.md,1,1,378,0,add_origin;rgb_sig_from_color;canon_str;sig_val;get_element_display_name;_param;_as_string;_as_double;_as_int;_as_bool_from_param;first_param;fnum;format_len_inches;rgb_dict_from_color;try_get_color_rgb_from_elem;get_type_display_name;safe_str;make_hash;get_doc;get_linestyles_fingerprint,2b3c4e30443f4500e886e1f968d5ea1da344bf6c9fb01c0de3bb148cfc1b7332,d58b32c4a71fd249ac78aaecd21671e44b7c47c42f9c24b9f5a35f50f8cc459b,13464,3366
legacy/fingerprint_mvp.py,chunks/6ce1da1273be__fingerprint_mvp.py__part0002.md,2,379,883,0,get_fillpattern_fingerprint;get_fillpattern_fingerprint.f;get_fillpattern_fingerprint.read_is_model;get_fillpattern_fingerprint.grid_sig;get_fillpattern_fingerprint.grid_sig.add_float;get_fillpattern_fingerprint.grid_sig.add_origin_2d;get_identity_fingerprint;get_units_fingerprint;get_objectstyles_fingerprint;get_objectstyles_fingerprint.row_sig,2b3c4e30443f4500e886e1f968d5ea1da344bf6c9fb01c0de3bb148cfc1b7332,13ff84fa5f1dd2def42dce152aa587d66cae9bcaf5ef48ad9dfe532a05b4d883,19741,4935
legacy/fingerprint_mvp.py,chunks/6ce1da1273be__fingerprint_mvp.py__part0003.md,3,884,1402,0,get_linepattern_fingerprint;get_linepattern_fingerprint.fnum;get_texttype_fingerprint;get_dimtype_fingerprint;get_viewtemplate_fingerprint,2b3c4e30443f4500e886e1f968d5ea1da344bf6c9fb01c0de3bb148cfc1b7332,70a5a3d15c48d917dbcd91b60767a84bc5ef5c87e0ec40358af8bff4b1f0af74,23019,5755
policies/domain_join_key_policies.json,chunks/39caf10dcdc8__domain_join_key_policies.json__part0001.md,1,1,400,0,,c2197eb74a16316f88e902f8d66eca20eb7d7030b0f0e452980b93cd31d80964,d4259be733aa59e6ddeb80ab030e8381c0fb7b02fef0d1d6c9b0d8302260204f,18390,4598
policies/domain_join_key_policies.json,chunks/39caf10dcdc8__domain_join_key_policies.json__part0002.md,2,391,790,10,,c2197eb74a16316f88e902f8d66eca20eb7d7030b0f0e452980b93cd31d80964,3548c792e5e4bfa31b248e91ca020df54fda02f05bb9840ae91db1db45983f7c,20834,5208
policies/domain_join_key_policies.json,chunks/39caf10dcdc8__domain_join_key_policies.json__part0003.md,3,781,1046,10,,c2197eb74a16316f88e902f8d66eca20eb7d7030b0f0e452980b93cd31d80964,ea9af7e3172d05b9308ecf854285780a9ba2ecba938ff08c386bdf391827fd93,13052,3263
policies/domain_sig_hash_policies.json,chunks/c8a33a5d2c6a__domain_sig_hash_policies.json__part0001.md,1,1,400,0,,f9574026a45f473063889e6bfa400737885177fa01bec6ddd2c3a96308a708dd,9b216e04e11e6733d45b84523e0ce1d995bee6eee4caa9be8a88660f6e39b4fa,17471,4368
policies/domain_sig_hash_policies.json,chunks/c8a33a5d2c6a__domain_sig_hash_policies.json__part0002.md,2,391,790,10,,f9574026a45f473063889e6bfa400737885177fa01bec6ddd2c3a96308a708dd,35bf55166bef757fb7e67c73bdfc1bf4d75a6257e24a33a36f6058d4479d1dc6,18317,4579
policies/domain_sig_hash_policies.json,chunks/c8a33a5d2c6a__domain_sig_hash_policies.json__part0003.md,3,781,1180,10,,f9574026a45f473063889e6bfa400737885177fa01bec6ddd2c3a96308a708dd,89b5cd17048ad1a7b85031df96916a646410b38d5f211a77925eae8f76891b7d,16292,4073
policies/domain_sig_hash_policies.json,chunks/c8a33a5d2c6a__domain_sig_hash_policies.json__part0004.md,4,1171,1239,10,,f9574026a45f473063889e6bfa400737885177fa01bec6ddd2c3a96308a708dd,d7df07fde8f1d0609bc54f31cc5870dd7cb0edc6d0ffbd1891cce35abdd76995,3433,858
runner/run_dynamo.py,chunks/87f9cfbb2bf0__run_dynamo.py__part0001.md,1,1,519,0,_looks_like_unc_path;_is_probably_sync_path;_is_repo_root;_read_tool_version;_use_filename_stamp;_extract_v2_hash;_extract_legacy_quality;_extract_v2_block_reasons;_looks_like_revit_unique_id;_has_v2_surface;_domain_run;_build_workset_name_to_unique_id_ctx;_enabled,ab34a2ab032f21677da5f5b1b79a0089611b4fad01f19f048caf0e2893056e4b,ed4734876f4d6fae9b66c512b9a32af4b62044e1918d1194772852fdbd0ee491,22557,5639
runner/run_dynamo.py,chunks/87f9cfbb2bf0__run_dynamo.py__part0002.md,2,520,523,0,get_doc,ab34a2ab032f21677da5f5b1b79a0089611b4fad01f19f048caf0e2893056e4b,6a3315a099fd22c4a18c10ca515fe2fafccf44a7c7249ecd38d0ff849a0229ae,516,129
runner/run_dynamo.py,chunks/87f9cfbb2bf0__run_dynamo.py__part0003.md,3,524,923,0,run_fingerprint,ab34a2ab032f21677da5f5b1b79a0089611b4fad01f19f048caf0e2893056e4b,e79a34a6f743957de0f6b2feabcab5bf6d05af381ee472c4841733e639109493,21375,5344
runner/run_dynamo.py,chunks/87f9cfbb2bf0__run_dynamo.py__part0004.md,4,924,1164,0,run_fingerprint,ab34a2ab032f21677da5f5b1b79a0089611b4fad01f19f048caf0e2893056e4b,10b3f7b5b3483bd00af9e89da2eaf5dfab318b86b86d161336cf0bd935647ebc,12745,3186
runner/run_dynamo.py,chunks/87f9cfbb2bf0__run_dynamo.py__part0005.md,5,1165,1581,0,_resolve_output_mode;_strip_detail_surfaces;_canonicalize_all_domain_records;_get_output_path_from_dynamo;_ensure_parent_dir;_write_json_to_disk;_write_fingerprint;_write_fingerprint._try_write;_sha256_of_file,ab34a2ab032f21677da5f5b1b79a0089611b4fad01f19f048caf0e2893056e4b,39e8822214a539c2d156e9a931e983a978a3f4bff5a566ac0202805321f16ee2,19293,4823
tests/test_build_segment_manifest.py,chunks/3c7c89101ca7__test_build_segment_manifest.py__part0001.md,1,1,504,0,_meta_row;_full_row;_read_csv;_membership_ids;test_population_hash_deterministic;test_blank_unit_system_excluded;test_level1_segments_present;test_level1_run_type_skip_when_below_min_files;test_level1_run_type_bundle_at_min_files;test_level1_file_counts;test_level2_segments_present;test_level2_run_type_below_min;test_level2_run_type_at_min;test_seed_detection_level2;test_seed_detection_renown_no_seed;test_seed_detection_container_role;test_level1_parent_is_empty;test_level2_parent_is_unit_system;test_sort_order_level1_before_level2;test_sort_order_within_level_alphabetical;test_export_run_ids_sorted_pipe_delimited;test_membership_rows_no_pipe_delimited_values;test_manifest_and_registry_have_no_list_columns;test_population_hash_in_manifest;test_registry_excludes_skip_segments;test_registry_output_folder_sanitized;test_sanitize_folder_strips_path_separators;test_sanitize_folder_preserves_selected_blank_vs_unselected_dimension;test_sanitize_folder_renders_selected_blank_as_neutral_token;test_registry_output_folders_globally_unique_with_suffix_collision;test_registry_distinguishes_selected_blank_client_from_unselected_client_pool;test_registry_initial_status_pending;test_main_writes_files;test_seed_only_note_not_set_for_generic_only_segment;test_seed_only_note_not_suppressed_by_blank_eid_project_row;test_seed_only_note_set_when_segment_has_seeds_no_project;test_registry_folder_merges_for_client_label_case_variants;test_blank_client_label_no_longer_participates_in_subset;test_main_missing_metadata_file;test_main_fails_on_missing_required_columns;test_main_fails_when_export_run_id_column_absent,9f3ece62e3859182daaa40d64fa48a48dce0364f40520d18b071b30a096c99c4,5195ed7836591e26c02f01c33e7fe36733855a74f529766e324d430ec9620d2c,28328,7082
tests/test_build_segment_manifest.py,chunks/3c7c89101ca7__test_build_segment_manifest.py__part0002.md,2,505,1019,0,test_main_blocks_on_blank_export_run_id;test_main_fails_on_missing_columns_even_with_no_data_rows;test_level2_project_bundle_with_parent_bundle_runs_enabled;test_level2_project_registration_without_flag;test_mixed_role_client_segment_stays_reference;test_single_child_suppression_still_fires;_disc_rows;test_discipline_cut_level3_segment_generated;test_discipline_cut_level4_segment_generated;test_discipline_cut_extra_dimensions_populated;test_discipline_label_top_level_field_blank_for_non_discipline_segments;test_discipline_label_top_level_field_populated_in_mixed_cut;test_discipline_cut_level3_purpose;test_discipline_cut_level3_label;test_blank_discipline_does_not_generate_discipline_cut;test_no_discipline_column_rows_not_broken;test_discipline_cut_not_required_column_now_blocks;test_discipline_cut_level3_bundle_not_demoted_by_children;test_discipline_cut_level4_bundle_not_affected;test_multi_child_parent_not_demoted_redundant_single_child;test_single_child_same_hash_still_demoted;test_matching_child_demotes_parent_even_with_other_nonmatching_children;test_client_discipline_leaf_purpose_container;test_client_discipline_leaf_label_container;test_client_discipline_leaf_purpose_template;test_client_discipline_leaf_purpose_project;test_registry_first_run_no_existing_file_unaffected;test_registry_preserves_output_folder_across_runs_when_unchanged;test_registry_preserves_status_when_population_hash_unchanged;test_registry_resets_status_when_population_hash_changes;test_registry_new_segment_gets_unique_folder_not_colliding_with_carryover;_manifest_row;test_registry_resets_status_when_run_type_changes;test_registry_reserves_dropped_segment_folder_from_new_reuse;test_registry_drops_removed_segment_ids_with_warning;test_client_discipline_leaf_no_empty_purpose,9f3ece62e3859182daaa40d64fa48a48dce0364f40520d18b071b30a096c99c4,e281bd2a1224a91a41717cfb7f52d3b91d5ee8ffc7fc29b6223b8491fb16b403,32040,8010
tests/test_build_segment_manifest.py,chunks/3c7c89101ca7__test_build_segment_manifest.py__part0003.md,3,1020,1532,0,test_unit_system_case_variants_merge_into_single_segment;test_governance_role_case_variants_merge_and_no_false_warning;test_unknown_governance_role_still_warns_after_normalization_added;test_client_label_first_seen_casing_is_canonical;test_business_center_label_zero_padded_short_digit_values;test_business_center_label_already_four_digits_unaffected;test_business_center_label_non_numeric_unaffected;test_business_center_label_zero_pad_merges_with_correctly_formatted_rows;test_business_center_label_zero_pad_warning_emitted;test_normalization_warning_emitted_with_aggregate_count;test_clean_corpus_unaffected_by_normalization;test_conformance_reference_mode_defaults_to_latest_for_new_segment;test_conformance_reference_mode_carried_over_across_runs;test_conformance_reference_mode_defaults_to_latest_for_old_registry_missing_field;test_registry_no_longer_carries_export_run_ids;test_registry_new_files_reason_when_file_added;test_registry_removed_files_reason_when_file_removed;test_registry_both_new_and_removed_files_reasons_when_combined_change;test_registry_new_files_reason_does_not_cause_false_removal_warnings;test_registry_no_reason_notes_for_brand_new_segment;test_segment_membership_round_trip_reconstructs_in_memory_sets;test_segment_membership_join_keys_present_in_manifest_and_metadata;test_population_hash_unchanged_by_membership_storage_migration;test_manifest_and_registry_fields_stay_under_size_threshold;test_enterprise_bc_0000_preserved_literally_not_folded_to_blank;test_enterprise_identity_not_inferred_from_blank_business_center;test_business_center_case_variants_of_0000_still_fold_by_casing_not_bookkeeping;test_collection_label_ignored_same_segments_same_membership,9f3ece62e3859182daaa40d64fa48a48dce0364f40520d18b071b30a096c99c4,26930c8e2d1cca4b6b299167a697dd5ca154fe8e90f0bd304627e8643dbedffc,32272,8068
tests/test_build_segment_manifest.py,chunks/3c7c89101ca7__test_build_segment_manifest.py__part0004.md,4,1533,1886,0,test_collection_label_column_absence_produces_identical_manifest;test_collection_label_column_absence_produces_identical_manifest._write_and_build;_write_metadata_csv;test_required_field_blank_blocks_entire_build;test_required_field_na_sentinel_blocks_entire_build;test_required_field_semicolon_blocks_entire_build;test_export_run_id_semicolon_does_not_block_build;test_validate_required_metadata_reports_row_and_field_directly;test_validate_required_metadata_empty_for_fully_valid_rows;test_duplicate_export_run_id_blocks_as_distinct_conflict_reason;test_unreadable_input_reported_distinctly_not_bare_except;test_business_center_0000_is_a_valid_value_not_a_validation_failure;test_business_center_0000_main_succeeds;test_project_label_not_a_required_field;test_project_label_sentinel_does_not_affect_segmentation;test_project_label_sentinel_does_not_affect_segmentation._build_with_project_label;test_running_builder_twice_on_identical_input_is_byte_identical;test_reordering_input_rows_does_not_change_segment_ids_or_parents;test_former_collection_specific_rows_collapse_with_union_membership;test_ancestor_segment_ids_semicolon_joined_not_pipe;test_ancestor_segment_ids_two_element_roundtrip,9f3ece62e3859182daaa40d64fa48a48dce0364f40520d18b071b30a096c99c4,3ea7548a298b53fe572a3658a3281a58394080620058266b0bb5b32085b13678,21635,5409
tests/test_compare_cross_segment_governance.py,chunks/1f75f8e1fe7e__test_compare_cross_segment_governance.py__part0001.md,1,1,488,0,_seg;test_discover_governance_chain_includes_generic_upstream_roles;test_discover_governance_chain_falls_back_to_collection_label_for_na_client;test_discover_governance_chain_prefers_business_center_label_over_collection_label;test_discover_governance_chain_namespaces_business_center_fallback_from_real_client;test_discover_governance_chain_preserves_collection_scope_within_business_center;test_discover_governance_chain_final_fallback_normalizes_na_spelling;test_discover_governance_chain_collection_match_is_soft_for_client_scope;test_discover_governance_chain_rollup_does_not_wildcard_match_specific_collection;test_scope_level_derivation;test_0000_flows_through_as_literal_enterprise_value;test_bc_0000_spelling_variants_canonicalize_to_0000;test_na_spelled_business_center_labels_normalize_to_blank;test_discover_governance_chain_enterprise_to_project_reaches_every_scope;test_discover_governance_chain_bc_to_project_scoped_to_matching_bc_only;test_discover_governance_chain_enterprise_to_bc_and_client_are_same_role_only;test_enterprise_to_bc_and_sibling_template_survive_with_distinct_run_ids;test_make_comparison_run_id_differs_by_comparison_type_for_same_pair_and_timestamp;test_discover_governance_chain_excludes_generic_from_scope_fanout,41a98d942cef2b25dee2bd74f79b3ba9f6e871cbbff68d9ef81011f7e3336043,5528003ba868641dfef727e4d0a45e189d343b60a5062b916eb4b2124ca25102,28732,7183
tests/test_compare_cross_segment_governance.py,chunks/1f75f8e1fe7e__test_compare_cross_segment_governance.py__part0002.md,2,489,992,0,test_discover_governance_chain_excludes_ancestor_descendant_from_scope_fanout;test_discover_governance_chain_enterprise_to_bc_reaches_every_real_bc;test_discover_governance_chain_bc_to_bc_pairs_every_peer_business_center;test_discover_governance_chain_bc_to_bc_excludes_same_bc_and_enterprise;test_discover_governance_chain_disc_match_has_no_blank_wildcard;test_discover_client_cross_bc_multi_bc_enumeration;test_discover_client_cross_bc_single_bc_produces_no_pairs;test_discover_client_cross_bc_and_bc_to_bc_do_not_reference_collection_label;test_pooled_comparison_bc_scope_pools_across_clients_ignoring_client;test_pooled_comparison_bc_scope_pools_enterprise_0000_segments;test_pooled_comparison_client_scope_pools_across_bcs_ignoring_bc;test_pooled_comparison_excludes_rollup_ancestor_from_bc_pool;test_project_target_governance_state_uses_target_used;test_standards_carrier_target_avoids_passive_bloat_label;_write_csv;_write_segment;_write_reference_analysis_segment;test_reference_analysis_segment_discovers_domains_without_bundle_outputs;test_reference_analysis_segment_loads_all_view_from_domain_patterns;test_reference_analysis_segment_groups_fallback_by_export_run_id_column,41a98d942cef2b25dee2bd74f79b3ba9f6e871cbbff68d9ef81011f7e3336043,68c38b1e1943c0cd3d2216af2fed5157b12f4e79a6123ae9d649f469cbf715ad,27358,6840
tests/test_compare_cross_segment_governance.py,chunks/1f75f8e1fe7e__test_compare_cross_segment_governance.py__part0003.md,3,993,1499,0,test_reference_analysis_segment_uses_presence_for_multi_file_fallback;test_build_governance_state_rows_include_inherited_unused_and_local_active;test_pair_domain_work_items_use_pair_domain_union;test_output_row_sort_helpers_are_stable_by_content;test_non_project_target_blanks_used_summary_shares;test_main_emits_governance_states_when_pair_skipped_by_min_patterns;test_main_skips_delta_generation_for_blocked_reference;_union_rows_for;test_union_inventory_project_all_view_normalized_union;test_union_inventory_project_used_view_normalized_union,41a98d942cef2b25dee2bd74f79b3ba9f6e871cbbff68d9ef81011f7e3336043,cf46466cc27ff4d88c42e69ece12c008c1f115239960880df2de9ee5ac7659f7,22909,5727
tests/test_compare_cross_segment_governance.py,chunks/1f75f8e1fe7e__test_compare_cross_segment_governance.py__part0004.md,4,1500,1984,0,test_union_inventory_non_project_used_view_not_active_usage;test_union_inventory_duplicate_join_hash_collapses_counts;test_union_inventory_pattern_id_not_cross_segment_identity;test_union_inventory_missing_source_cluster_status_no_synthetic_pattern;test_union_inventory_output_order_is_deterministic;test_union_inventory_used_view_unavailable_keeps_source_status_ok;test_union_inventory_client_denominator_includes_status_rows_used_by_reuse;test_union_inventory_missing_domain_patterns_keeps_source_status_ok;test_pattern_reuse_many_files_gets_broad_classification;test_pattern_reuse_one_file_gets_single_file_classification;test_project_used_view_uses_project_and_file_denominators_for_emerging_bucket;test_single_project_reuse_takes_precedence_over_emerging;test_missing_source_identity_degrades_reuse_classification;test_template_all_view_is_not_interpreted_as_active_usage;test_reuse_zero_denominator_is_degraded_unclassified;test_reuse_distribution_order_is_deterministic;test_reuse_thresholds_are_centralized_and_used;test_explicit_matrices_union_jaccard_differs_from_mean_file_pair;test_fragmentation_diagnostic_uses_all_domains_file_pair_aggregate;test_density_similarity_uses_domain_density_vectors_not_containment,41a98d942cef2b25dee2bd74f79b3ba9f6e871cbbff68d9ef81011f7e3336043,1ae4fd5e4315809605f395c1f9f0ec7bbe6e509a5249e4ed7186ec430a259f95,28496,7124
tests/test_compare_cross_segment_governance.py,chunks/1f75f8e1fe7e__test_compare_cross_segment_governance.py__part0005.md,5,1985,2213,0,test_pool_matrix_keeps_pool_scopes_distinct_for_same_project;test_fragmentation_diagnostic_unavailable_without_required_inputs;test_non_project_union_inventory_blocks_project_union_matrices;test_mean_file_pair_matrix_adds_synthetic_diagonal_cells;test_mean_file_pair_diagonals_limited_to_project_observed_domains;test_mean_file_pair_matrix_emits_symmetric_cells;test_missing_union_inventory_blocks_union_matrix_with_explicit_status;test_matrix_manifest_and_diagonal_are_deterministic;_write_within_project_segment;test_discover_within_project_na_spellings_do_not_group;test_discover_within_project_real_shared_label_still_groups,41a98d942cef2b25dee2bd74f79b3ba9f6e871cbbff68d9ef81011f7e3336043,c98e2c19e6920fec122c1c18e631dc4a1927253561086bba106afad7927f82dd,13332,3333
tests/test_generate_governance_narrative_evidence_package.py,chunks/9ddf896a0dab__test_generate_governance_narrative_evidence_package.py__part0001.md,1,1,517,0,_summary_row;_pooled_row;_delta_row;_gov_state_summary_row;_write_csv;_minimal_fixture;_run_main;test_footer_references_real_generator_identity_not_stale_filename;test_authority_header_states_controlled_interpretation_and_no_llm;test_authority_header_inserted_between_header_and_state_model;test_comparison_type_coverage_matches_known_cascade_groups;test_bc_to_bc_and_client_cross_bc_are_registered_not_unrecognized;test_comparison_type_coverage_governance_state_uses_directed_types;test_unrecognized_comparison_type_still_warns_to_stderr;test_domain_csv_column_set_unchanged;test_client_csv_column_set_unchanged;test_emit_evidence_package_default_writes_three_json_files;test_no_emit_evidence_package_suppresses_json_but_not_existing_outputs;test_no_emit_removes_stale_evidence_package_files_from_prior_run;test_emit_and_no_emit_produce_identical_csvs;test_no_emit_narrative_does_not_point_at_missing_package_files;test_emit_narrative_points_at_package_files;test_package_manifest_records_inputs_and_outputs;test_package_manifest_reports_sibling_json_outputs_as_present_with_real_sizes;test_package_manifest_records_comparison_run_ids;test_package_manifest_comparison_run_ids_include_pooled_only_values;test_package_manifest_comparison_run_ids_include_optional_evidence_values;test_package_health_schema_detection_dual_for_dual_view_rows;test_package_health_optional_inputs_present_reflects_cli_flags;test_segment_manifest_recorded_in_evidence_package_when_supplied,e60c8dba47b5674d967f6b921c70c80a38089dd30ac298318b6e62f873f624ab,0c20623c6e4d8c044dd2edc2468503bcf7ed89dd2069022e53841437011768a2,32951,8238
tests/test_generate_governance_narrative_evidence_package.py,chunks/9ddf896a0dab__test_generate_governance_narrative_evidence_package.py__part0002.md,2,518,1035,0,test_segment_manifest_absent_from_evidence_package_when_not_supplied;test_evidence_map_lists_thirty_seven_artifacts_with_required_fields;test_governance_relationships_resolved_beside_supplied_matrix_not_summary_dir;test_pattern_reuse_summary_by_domain_resolved_beside_supplied_reuse_by_client_not_summary_dir;test_project_mean_file_pair_jaccard_matrix_resolved_beside_supplied_fragmentation_diagnostic_not_summary_dir;test_pattern_reuse_summary_by_domain_resolved_beside_supplied_union_inventory_when_no_reuse_flag;test_project_mean_file_pair_jaccard_matrix_resolved_beside_supplied_matrix_manifest_when_no_project_flag;test_evidence_map_findings_entry_has_a_real_path;test_manifest_output_artifact_ids_match_evidence_map_artifact_ids;test_manifest_input_artifact_ids_match_evidence_map_artifact_ids;test_evidence_map_related_artifacts_use_artifact_ids_not_filenames;test_file_inventory_written_and_registered_in_manifest_and_evidence_map;test_file_inventory_is_empty_when_no_undiscovered_files_present;test_file_inventory_surfaces_an_undiscovered_sibling_csv;test_file_inventory_never_flags_this_runs_own_outputs_as_undiscovered;test_file_inventory_borrows_interpretation_from_matrix_output_manifest;test_no_emit_evidence_package_suppresses_file_inventory;test_stale_file_inventory_removed_when_evidence_package_turned_off_between_runs;test_file_inventory_surfaces_regardless_of_interpretation_layer_flag;test_escalation_target_files_get_real_shape_in_evidence_map_not_generic_inventory;test_cli_accepts_policy_dir_and_package_schema_version_as_inert,e60c8dba47b5674d967f6b921c70c80a38089dd30ac298318b6e62f873f624ab,74711cc0881a19301a58d5fb970ff94657f048b4cc41df1ba61ecdd78a169e53,36213,9053
tests/test_generate_governance_narrative_evidence_package.py,chunks/9ddf896a0dab__test_generate_governance_narrative_evidence_package.py__part0003.md,3,1036,1058,0,test_package_schema_version_override_is_consistent_across_manifest_health_and_evidence_map,e60c8dba47b5674d967f6b921c70c80a38089dd30ac298318b6e62f873f624ab,560f704bf2ccc4d4323f0236ba335a30c5c563371570f708a74bc65e9dc1d519,2469,617
tools/analyze_promotion_candidates.py,chunks/dc9330b325ff__analyze_promotion_candidates.py__part0001.md,1,1,398,0,parse_args;require_columns;safe_bool_series;apply_export_cap;compute_seeded_scope,1e5dbc478f5d1e9f1e948261cb2b0121cc79fd2657bbc116c27e7eeea845924b,dba80c9d595607c0b57e60b98c92aec3a2434ce77c7a4b6722608b52e52acab9,20272,5068
tools/analyze_promotion_candidates.py,chunks/dc9330b325ff__analyze_promotion_candidates.py__part0002.md,2,399,573,0,compute_reuse_scope;compute_reuse_scope._union_tokens,1e5dbc478f5d1e9f1e948261cb2b0121cc79fd2657bbc116c27e7eeea845924b,6f6bf0b3484a52fbfd53880dfd54b3275eea691d28f1f88767e539ebba37189c,11051,2763
tools/analyze_promotion_candidates.py,chunks/dc9330b325ff__analyze_promotion_candidates.py__part0003.md,3,574,1066,0,main;main._join_labels;main._row_is_unclassified;main._route,1e5dbc478f5d1e9f1e948261cb2b0121cc79fd2657bbc116c27e7eeea845924b,639e12ab91f50074f5cbc9ede56f17381c910950d8d919921a563c0c404796e9,26895,6724
tools/archetype/bip_lookup.json,chunks/645324cf0b42__bip_lookup.json__part0001.md,1,1,400,0,,39371dc91b4a440486cb60ef444c8065502d849d63872fb02e394fd3839490cf,495732e029296a6fa3595b69ab296eb028cfd823d58dd5dbaa55ce206a4486a1,22212,5553
tools/archetype/bip_lookup.json,chunks/645324cf0b42__bip_lookup.json__part0002.md,2,391,790,10,,39371dc91b4a440486cb60ef444c8065502d849d63872fb02e394fd3839490cf,7573b4a2eb5e9cd5d39f631fa04f01b3d0376227bb887344a13b4290f5d965a9,23006,5752
tools/archetype/bip_lookup.json,chunks/645324cf0b42__bip_lookup.json__part0003.md,3,781,1180,10,,39371dc91b4a440486cb60ef444c8065502d849d63872fb02e394fd3839490cf,70e7714467542466d1a2d9eab92f856b7da13591823078cf19a22f0e3e79ed9b,21996,5499
tools/archetype/bip_lookup.json,chunks/645324cf0b42__bip_lookup.json__part0004.md,4,1171,1570,10,,39371dc91b4a440486cb60ef444c8065502d849d63872fb02e394fd3839490cf,7381677d9e0926df563d607fee008d425211ea81ffc6d7463186e65fac31a5a8,21621,5405
tools/archetype/bip_lookup.json,chunks/645324cf0b42__bip_lookup.json__part0005.md,5,1561,1960,10,,39371dc91b4a440486cb60ef444c8065502d849d63872fb02e394fd3839490cf,a99229879284ba4348c64dc950a0c3efbe089f0bf510451f49ecad50b707f907,24068,6017
tools/archetype/bip_lookup.json,chunks/645324cf0b42__bip_lookup.json__part0006.md,6,1951,2350,10,,39371dc91b4a440486cb60ef444c8065502d849d63872fb02e394fd3839490cf,003de63695573d36d95ac4e032954ea54d96200b9750517dcd9a91d623e74870,23859,5965
tools/archetype/bip_lookup.json,chunks/645324cf0b42__bip_lookup.json__part0007.md,7,2341,2740,10,,39371dc91b4a440486cb60ef444c8065502d849d63872fb02e394fd3839490cf,1ba695cead1a43e3ccbf1f43718bf18ebbf0dec79be25a3614368ba467bffea6,24381,6095
tools/archetype/bip_lookup.json,chunks/645324cf0b42__bip_lookup.json__part0008.md,8,2731,3130,10,,39371dc91b4a440486cb60ef444c8065502d849d63872fb02e394fd3839490cf,1b4b714925014e66f4cc4d04b8ea7c1fb8b24b53b52daed2295456d58d538c21,24589,6147
tools/archetype/bip_lookup.json,chunks/645324cf0b42__bip_lookup.json__part0009.md,9,3121,3520,10,,39371dc91b4a440486cb60ef444c8065502d849d63872fb02e394fd3839490cf,627894a476c9e60e554720f3a48ac583533580c1f74c5bc3de1248a10075740a,23811,5953
tools/archetype/bip_lookup.json,chunks/645324cf0b42__bip_lookup.json__part0010.md,10,3511,3630,10,,39371dc91b4a440486cb60ef444c8065502d849d63872fb02e394fd3839490cf,e9abe36fa0c62b9b7ed8026983ca8dc743b0cb91b3c1971a0aa31d9c48f6bb7c,7499,1875
tools/archetype/discover_vfd_edges.py,chunks/023f910fc74c__discover_vfd_edges.py__part0001.md,1,1,486,0,RawObservation;ResolvedParam;DomainHint;ParsedCategories;warn;read_json_required;read_json_optional;atomic_write_csv;load_file_metadata;bool_s;find_identity_items_path;is_bad_param_id;row_quality;is_usable_identity_item_value;canonical_param_kind;flush_record;stream_observations;resolve_params;load_bip_hints;hint_target_and_verify;iter_name_contains_rules;infer_domain;parse_category_tokens;sort_category_tokens;parse_category_ints;category_entry_name,95fe05c8009121c853de6753dc3020bdb0607b4cb260aeb1ac07496433793634,7920a3cee3e59d52a714f74d9529b651498f2bc48a4fb3ab8731c0e22361c941,21911,5478
tools/archetype/discover_vfd_edges.py,chunks/023f910fc74c__discover_vfd_edges.py__part0002.md,2,487,947,0,parse_categories;normalize_param_name;parse_category_set;_resolve_target_domain_from_categories;_decompose_conflict_to_domains;_category_names_for_ids;_category_flags_for_ids;_find_verify_blocked_candidate;_validate_domain_has_identity_items;build_inventory_rows;build_inventory_rows.append_inventory_row;_category_map_domain_extracted;_candidate_category_details,95fe05c8009121c853de6753dc3020bdb0607b4cb260aeb1ac07496433793634,08adeeb53162833f5b283d4518744b924d1651bb71f72c1e77299a164d77bc4e,22751,5688
tools/archetype/discover_vfd_edges.py,chunks/023f910fc74c__discover_vfd_edges.py__part0003.md,3,948,1353,0,build_domain_gap_rows;build_edge_rows;verify_outputs;print_summary;build_unresolved_file_rows;print_unresolved_summary;parse_args;main,95fe05c8009121c853de6753dc3020bdb0607b4cb260aeb1ac07496433793634,c938fe5050983bf33b534c7443953aa4eb0a6293f65ebea5265dcf11c32d5d7d,23823,5956
tools/archetype/prepare_archetype_review.py,chunks/985414dce729__prepare_archetype_review.py__part0001.md,1,1,520,0,_find_cluster;_all_clusters;_all_cluster_ids;_resolve_param_name;_parse_category_ids;_resolve_category_name;_governance_question_from_cluster_id;_governance_question_from_archetype_id;_build_curated_gq_map;_resolve_governance_question;ClusterContext;ClusterContext.__init__;_build_cluster_context;_load_label_lookup;_load_vfd_resolution;_load_file_path_lookup;_is_named_element;_schedule_file_sort_key;_schedule_row_sort_key,03bdf22e06a40e3b31dd69dea0931eb1695547b7a49d5dbbd3ada414575c6244,7c1ad8b261228c17f60711954244470589e0cfc361c76d71a6234e99374e361f,26743,6686
tools/archetype/prepare_archetype_review.py,chunks/985414dce729__prepare_archetype_review.py__part0002.md,2,521,900,0,_selected_file_name_status;_select_schedule_rows_for_cluster;_write_review_schedule_outputs;_sort_key;_process_cluster,03bdf22e06a40e3b31dd69dea0931eb1695547b7a49d5dbbd3ada414575c6244,2ca6dc407123517e2c6cadc37e338996d2a9b1b169c0caf40252a0a7374a958b,23006,5752
tools/archetype/prepare_archetype_review.py,chunks/985414dce729__prepare_archetype_review.py__part0003.md,3,901,1048,0,main,03bdf22e06a40e3b31dd69dea0931eb1695547b7a49d5dbbd3ada414575c6244,dab1ece3cab6293edad39d2fa7a3ae3605ab427f4e708118023aa7de0c1ee5c9,10610,2652
tools/bundle_analysis/run_bundle_analysis.py,chunks/673004c34de4__run_bundle_analysis.py__part0001.md,1,1,353,0,_view_out_dir;_ensure_latent_purgeable;_emit_meta_scatter_thresholds;_load_purgeable_only_set;_run_pipeline_once;_run_step2_to_step7,f78aca08e1415706021084b7fd5c84367e1d0625c9c323e2394dc61b67f02fa2,d9bd9b06e96b88ec83dd6277e6b340db0ba806ce80c5c37387ab225e61a203b3,16734,4184
tools/bundle_analysis/run_bundle_analysis.py,chunks/673004c34de4__run_bundle_analysis.py__part0002.md,2,354,897,0,run_bundle_analysis,f78aca08e1415706021084b7fd5c84367e1d0625c9c323e2394dc61b67f02fa2,b3341831c331e8867d9c84e33cbf39bbd66fd9498985f19c5596407a7f716b0c,31754,7938
tools/bundle_analysis/run_bundle_analysis.py,chunks/673004c34de4__run_bundle_analysis.py__part0003.md,3,898,1202,0,_validate_name_target_constraints;run_bundle_analysis_for_target;_parse_args;main,f78aca08e1415706021084b7fd5c84367e1d0625c9c323e2394dc61b67f02fa2,2085bfc4af42b73ec58074519c6db9f1fe65d1db10e0463f2f9feecb844978fe,19313,4828
tools/compare_cross_segment.py,chunks/9c7fce161c80__compare_cross_segment.py__part0001.md,1,1,498,0,read_csv_rows;atomic_write_csv,972c63d7ad4cfd0b45f82d3a62dbb7c62fb4c47bea5596bb5f9b5c34f7f825c4,816d187dfa1fc6da899d6e957d8fde01a3302852d424b176b8c1ec8a99bd5019,24223,6056
tools/compare_cross_segment.py,chunks/9c7fce161c80__compare_cross_segment.py__part0002.md,2,499,982,0,_classify_delta;_bool_str;_role_key;_is_generic_role;_role_matches;_usage_interpretable_for_role;_recommended_primary_view;_comparison_role_semantics;_classify_governance_state;load_manifest;load_registry;load_file_metadata;load_membership;validate_membership_against_manifest;load_comparison_registry;_segment_status_complete;build_comparison_registry_rows;comparison_is_stale;segment_output_dir;bundle_analysis_dir;domain_patterns_path;pattern_presence_file_path;_load_export_run_ids_for_segment;discover_domains_for_segment,972c63d7ad4cfd0b45f82d3a62dbb7c62fb4c47bea5596bb5f9b5c34f7f825c4,b1e00bbdcdb1f7338c741f5970e306fdfdd6151274279d13e7aea94717437b32,26175,6544
tools/compare_cross_segment.py,chunks/9c7fce161c80__compare_cross_segment.py__part0003.md,3,983,1484,0,resolve_join_hashes;load_pattern_labels;get_role_jh_set;load_file_join_hashes;_segment_domain_source_status;_load_segment_file_join_hashes_with_status;_project_label_for_file;build_union_inventory_rows;_safe_pct;_reuse_bucket_for,972c63d7ad4cfd0b45f82d3a62dbb7c62fb4c47bea5596bb5f9b5c34f7f825c4,4b88cbf6ee797f7f0e1872484dd41bf4cbae157e3c455a24700024026159830c,24729,6182
tools/compare_cross_segment.py,chunks/9c7fce161c80__compare_cross_segment.py__part0004.md,4,1485,2004,0,build_pattern_reuse_distribution_rows;build_pattern_reuse_summary_rows;load_segment_join_hash_union;load_bundle_join_hash_set;annotate_bundle_overlap;_pct;_fmt;_mean;_min;_comparison_status;_cardinality_shape;_file_count_ratio;_cardinality_fields;_union_similarity;compare_directed_file;compare_symmetric_file;_normalize_bc_label;_bc_of;_client_of;_is_enterprise_client;_is_enterprise_bc;_scope_level,972c63d7ad4cfd0b45f82d3a62dbb7c62fb4c47bea5596bb5f9b5c34f7f825c4,cd0108a739f4b1103618589c7b5530a29c77e0e380bacee24eb9be9e62e544ac,25700,6425
tools/compare_cross_segment.py,chunks/9c7fce161c80__compare_cross_segment.py__part0005.md,5,2005,2517,0,_is_client_wide_rollup;_is_standard_role;detect_stale_ancestor_encoding;_build_ancestor_map;_build_ancestor_map._immediate_parents;_build_ancestor_map._walk;_is_lineage_related;_compute_containment_thresholds;write_population_containment_thresholds;_population_containment_map;_is_population_contained;_same_unit;discover_within_segment;_redundant_child_segment_id;_resolve_runnable_segment;_scope_override_key,972c63d7ad4cfd0b45f82d3a62dbb7c62fb4c47bea5596bb5f9b5c34f7f825c4,413ff7aa3a0eff813c5505980118883b3efff1a9a0593b91012b3bd7c27f6552,29613,7403
tools/compare_cross_segment.py,chunks/9c7fce161c80__compare_cross_segment.py__part0006.md,6,2518,2839,0,_stash_scope_override;discover_sibling_segments;_is_client_only_project_segment;discover_cross_client;discover_client_cross_bc;discover_parent_siblings,972c63d7ad4cfd0b45f82d3a62dbb7c62fb4c47bea5596bb5f9b5c34f7f825c4,bb8be0ba621431b61f5d30a0a98283d2c502ec47750342d449909279e099acf6,19633,4908
tools/compare_cross_segment.py,chunks/9c7fce161c80__compare_cross_segment.py__part0007.md,7,2840,3310,0,discover_governance_chain;discover_governance_chain._key;discover_governance_chain._disc;discover_governance_chain._disc_match;discover_governance_chain._collection;discover_governance_chain._is_collection_rollup;discover_governance_chain._collection_match;discover_within_project;deduplicate_pairs;drop_legacy_siblings_covered_by_peer_comparisons;make_comparison_run_id,972c63d7ad4cfd0b45f82d3a62dbb7c62fb4c47bea5596bb5f9b5c34f7f825c4,43d57950375692ed539b4a9580ebbf6ab0790fddc2d20aa5f3879243395437f8,29135,7284
tools/compare_cross_segment.py,chunks/9c7fce161c80__compare_cross_segment.py__part0008.md,8,3311,3759,0,run_pair;_run_pair_domain,972c63d7ad4cfd0b45f82d3a62dbb7c62fb4c47bea5596bb5f9b5c34f7f825c4,e1d9164d3fed57b1c21bd81253c50649bd0407ce54cda7c8a6d25a924bb64281,27054,6764
tools/compare_cross_segment.py,chunks/9c7fce161c80__compare_cross_segment.py__part0009.md,9,3760,4256,0,_build_summary_row;build_governance_state_outputs;_build_pooled_row,972c63d7ad4cfd0b45f82d3a62dbb7c62fb4c47bea5596bb5f9b5c34f7f825c4,f2c894c7157f5113d4ccb27fd09c170b3e26ca076516cbe1c5c1585f5790bbef,29239,7310
tools/compare_cross_segment.py,chunks/9c7fce161c80__compare_cross_segment.py__part0010.md,10,4257,4747,0,run_pooled_comparison;run_pooled_comparison._domains_for;run_pooled_comparison._emit_for_groups;_matrix_group_id_from_values;_matrix_group_id;_label_by_project_group;_jaccard_sets;_cosine_similarity;build_explicit_matrix_outputs;build_explicit_matrix_outputs.add_manifest;build_explicit_matrix_outputs.add_matrix;segment_is_runnable;build_pair_domain_work_items;sort_summary_rows;sort_pair_detail_rows;resolve_worker_count,972c63d7ad4cfd0b45f82d3a62dbb7c62fb4c47bea5596bb5f9b5c34f7f825c4,fbc0f24260069e18f610a3feb30b77b7c6ff4fdae1bcb13deb9f023bc1df8e19,31757,7939
tools/compare_cross_segment.py,chunks/9c7fce161c80__compare_cross_segment.py__part0011.md,11,4748,5147,0,main,972c63d7ad4cfd0b45f82d3a62dbb7c62fb4c47bea5596bb5f9b5c34f7f825c4,0e9908e2c519fb22ffa790a1401111feb82105eb1158a161b55665c37054d78a,25255,6314
tools/compare_cross_segment.py,chunks/9c7fce161c80__compare_cross_segment.py__part0012.md,12,5148,5379,0,main,972c63d7ad4cfd0b45f82d3a62dbb7c62fb4c47bea5596bb5f9b5c34f7f825c4,5bc118737d590bb84a58bb42b42825e5dab431055be185b3e183857290e09d22,12076,3019
tools/compare_cross_segment.py,chunks/9c7fce161c80__compare_cross_segment.py__part0013.md,13,5380,5383,0,,972c63d7ad4cfd0b45f82d3a62dbb7c62fb4c47bea5596bb5f9b5c34f7f825c4,424ee78364215092863a1f2b92c8b709b7f3c84fb171fd91b44f6e33b159e195,467,117
tools/extractor.py,chunks/96a6d338e5a1__extractor.py__part0001.md,1,1,514,0,_safe_str;_utc_now_iso;_iter_export_files;_read_json;_merge_index_details;_iter_domains;_file_id;_get_tool_version;_identity_metadata;_extract_acc_project_label;_model_label_from_path;_norm_central_path;_b32_sha1_16;_load_governance_role_rules;_infer_governance_role;_stable_pattern_id;_write_csv;_read_existing_csv;_sort_rows;compute_hhi_from_shares;compute_effective_clusters;_fmt_metric;compute_attribute_concentration_metrics;_iter_object_style_name_candidates;_remap_object_style_domain;_remap_vco_domain;_load_identity_items_by_record;_load_label_resolution_inputs,d75cdfbab8fb9d4bbc3c46c3611b1bcf54844b8f5421954d15f78ef298ab109e,eaa09875a28f0a8e4833b336ff2d45282748a636712b6dfa9911fbdc382a09b7,24265,6066
tools/extractor.py,chunks/96a6d338e5a1__extractor.py__part0002.md,2,515,982,0,_load_semantic_groups;_derive_unit_system;_process_one_domain,d75cdfbab8fb9d4bbc3c46c3611b1bcf54844b8f5421954d15f78ef298ab109e,472c1ed05f885da4a274b34196e66a0b75b6193c7090610e0ae15efcdbb44b38,25500,6375
tools/extractor.py,chunks/96a6d338e5a1__extractor.py__part0003.md,3,983,1273,0,emit_records,d75cdfbab8fb9d4bbc3c46c3611b1bcf54844b8f5421954d15f78ef298ab109e,46ea1f8782e730aa8e1e9fa1db61040edb09b776b9702e499bf83a9445ce818b,19242,4810
tools/extractor.py,chunks/96a6d338e5a1__extractor.py__part0004.md,4,1274,1515,0,emit_analysis;emit_analysis._merge_result,d75cdfbab8fb9d4bbc3c46c3611b1bcf54844b8f5421954d15f78ef298ab109e,063f1b170a034ec25a64ab473e3b99e011196db597c5fb9ba6034bda8d56eb22,13509,3377
tools/generate_governance_narrative.py,chunks/cce2252a6f08__generate_governance_narrative.py__part0001.md,1,1,494,0,pf;pct;fmt;_warn_unrecognized_comparison_types;read_csv;_disc_label;detect_bundle_schema;normalise_summary_schema;normalise_summary_schema.alias;_col;_resolved_col_name;_col_union_or_pairwise;used_view_falls_back_to_legacy;_is_unscoped_segment;_target_scope_label,7a8e1def8713100e21b852dc24c2c714a8e5330815affb3e703ed572a2829d9c,a41616e05931b9a4bd92eb846e396fcabd52fbc7bc7fa776c5e56a1781608391,29055,7264
tools/generate_governance_narrative.py,chunks/cce2252a6f08__generate_governance_narrative.py__part0002.md,2,495,787,0,_group1_scope_pair;load_client_sectors;load_corpus_counts;_has_renderable_cascade_signal,7a8e1def8713100e21b852dc24c2c714a8e5330815affb3e703ed572a2829d9c,830afddee9bc8a26c8a41e8c1ffb46eddb951c7c6bd1461695cc8a932c9a7832,19304,4826
tools/generate_governance_narrative.py,chunks/cce2252a6f08__generate_governance_narrative.py__part0003.md,3,788,1187,0,build_cascade,7a8e1def8713100e21b852dc24c2c714a8e5330815affb3e703ed572a2829d9c,1c3f612771b49f40da14927f4fa08e9781a1d2fc7bfbcd815470e03de32136e2,28640,7160
tools/generate_governance_narrative.py,chunks/cce2252a6f08__generate_governance_narrative.py__part0004.md,4,1188,1517,0,build_cascade;build_cascade.mean_or_none;build_cascade._largest_scope_bucket,7a8e1def8713100e21b852dc24c2c714a8e5330815affb3e703ed572a2829d9c,3f5093edb286f9ba3186acaa3c1210ed7ae21bedd3c915997c6109f88d4667a3,21529,5382
tools/generate_governance_narrative.py,chunks/cce2252a6f08__generate_governance_narrative.py__part0005.md,5,1518,1928,0,score_reliability,7a8e1def8713100e21b852dc24c2c714a8e5330815affb3e703ed572a2829d9c,608362b79f30b17983e8fc794377b889a80374876521bb6b82cfb868d7b8e852,26376,6594
tools/generate_governance_narrative.py,chunks/cce2252a6f08__generate_governance_narrative.py__part0006.md,6,1929,2432,0,apply_governance_policy;apply_governance_policy.th;apply_governance_policy.ct;apply_governance_policy.at_;_state_value;_has_material_state_exception;_has_group1_bc_pooled_evidence;assign_tier;detect_anomalies,7a8e1def8713100e21b852dc24c2c714a8e5330815affb3e703ed572a2829d9c,35a168817db22c1232a104446028b00471b1f2e68abc1b53be5bb10bec5959bb,34114,8528
tools/generate_governance_narrative.py,chunks/cce2252a6f08__generate_governance_narrative.py__part0007.md,7,2433,2942,0,build_client_summary;build_client_summary._confirmed_non_healthcare;build_bc_summary;build_bc_summary._note_bc_file;_pick;_truthy;_add_float,7a8e1def8713100e21b852dc24c2c714a8e5330815affb3e703ed572a2829d9c,9a26875e7ede104e3906fa87a32c1f28aaa866e5e65c7bc5449146aa61797884,31320,7830
tools/generate_governance_narrative.py,chunks/cce2252a6f08__generate_governance_narrative.py__part0008.md,8,2943,3443,0,_state_bucket;_mean;_merge_state_buckets;_finalize_state_bucket;build_governance_state_summary;load_delta_summary;render_header;render_evidence_authority_header;render_evidence_authority_header._static_doc_pointer;render_governance_state_model,7a8e1def8713100e21b852dc24c2c714a8e5330815affb3e703ed572a2829d9c,26ddc0427f24424940788b0a49b34b4ef644b7eb4dff4f3277b695a5a9be5456,28407,7102
tools/generate_governance_narrative.py,chunks/cce2252a6f08__generate_governance_narrative.py__part0009.md,9,3444,3942,0,render_domain_tiers;render_generic_baseline_scope_section;render_group1_scope_section;render_discipline_section;_format_domain_items;_client_onboarding_profile;render_onboarding_section,7a8e1def8713100e21b852dc24c2c714a8e5330815affb3e703ed572a2829d9c,8786032ca8d9f99291becdcf897ff9cdd6d878f64105912d473e70258f1ae602,28987,7247
tools/generate_governance_narrative.py,chunks/cce2252a6f08__generate_governance_narrative.py__part0010.md,10,3943,4391,0,render_client_section;render_enterprise_section;render_bc_section;render_governance_state_section;render_governance_state_section.top_by;render_delta_section;build_union_breadth_by_domain,7a8e1def8713100e21b852dc24c2c714a8e5330815affb3e703ed572a2829d9c,13d7bf1358a2739f6f6f3e95dcf1ae722d8d929434819e4ef769f42e1b0ccce7,26709,6677
tools/generate_governance_narrative.py,chunks/cce2252a6f08__generate_governance_narrative.py__part0011.md,11,4392,4900,0,render_union_reuse_summary;_matrix_value_status_blocked;_manifest_bullets_for_matrix;_unordered_project_pairs;_render_portfolio_footprint_identity;_render_portfolio_density_similarity;_render_portfolio_density_similarity._shape_note;_render_portfolio_pool_containment;_render_portfolio_fragmentation;render_project_portfolio_section,7a8e1def8713100e21b852dc24c2c714a8e5330815affb3e703ed572a2829d9c,35f18d1429ef72eda6d5cc8954834edb24d170e2049f702b7a4a3a302614d21a,29752,7438
tools/generate_governance_narrative.py,chunks/cce2252a6f08__generate_governance_narrative.py__part0012.md,12,4901,5371,0,render_bc_composition_section;render_client_bc_distribution_section;_classify_domains_for_findings;_passive_inheritance_risk_domains;_low_coherence_clients;build_structured_findings;build_structured_findings.next_id;build_structured_findings.domain_support;build_structured_findings.add_domain_finding,7a8e1def8713100e21b852dc24c2c714a8e5330815affb3e703ed572a2829d9c,9bf2b9b5ffa9d300acdd232b7683a15a65fe2f4de3c910cc3fa70d6a0d63f9fb,28216,7054
tools/generate_governance_narrative.py,chunks/cce2252a6f08__generate_governance_narrative.py__part0013.md,13,5372,5847,0,render_findings_and_recommendations;render_findings_and_recommendations._domain_ids;build_comparison_completeness;build_comparison_completeness._key;build_comparison_completeness._state_key;render_limitations;_narrative_for_inventory_entry;render_file_inventory_brief_section;render_governance_brief,7a8e1def8713100e21b852dc24c2c714a8e5330815affb3e703ed572a2829d9c,a192e000d6af8647bbda8d159432176055e1f9fa3df74996698a0a269477b34c,31529,7882
tools/generate_governance_narrative.py,chunks/cce2252a6f08__generate_governance_narrative.py__part0014.md,14,5848,6247,0,main,7a8e1def8713100e21b852dc24c2c714a8e5330815affb3e703ed572a2829d9c,58bed9c993a80d23e41223a2d710df18d7a683ffe63f72f4c61ffa035fda4327,27718,6930
tools/generate_governance_narrative.py,chunks/cce2252a6f08__generate_governance_narrative.py__part0015.md,15,6248,6647,0,main,7a8e1def8713100e21b852dc24c2c714a8e5330815affb3e703ed572a2829d9c,6b6d21644fef1504a081313bdcdb3b0b4d2ca117e07178852ebc428afbaddc43,27996,6999
tools/generate_governance_narrative.py,chunks/cce2252a6f08__generate_governance_narrative.py__part0016.md,16,6648,6886,0,main,7a8e1def8713100e21b852dc24c2c714a8e5330815affb3e703ed572a2829d9c,0d36629503c287a6db99b62c60a0519fb9028e0f2b10e793eb0454e1e01a4b9a,16709,4177
tools/generate_governance_narrative.py,chunks/cce2252a6f08__generate_governance_narrative.py__part0017.md,17,6887,6890,0,,7a8e1def8713100e21b852dc24c2c714a8e5330815affb3e703ed572a2829d9c,063342e1ba784e27b358b2ee7158688dcc6ad0b91830ecc1dcbc251963cba60f,465,116
tools/governance_evidence_package.py,chunks/cb7fb8c735d4__governance_evidence_package.py__part0001.md,1,1,515,0,_utc_now_iso;write_json;build_findings_document;build_package_manifest;comparison_type_coverage;build_package_health;_artifact,2fece0426163550ef83e302b52b9f002b12123e12eb35430df07c3d1f4c4b1f3,ff31075908c1dd5b37ebd7cb55a6f7c86c6d6575c00810fd5d2ecdfb85b0d153,28274,7068
tools/governance_evidence_package.py,chunks/cb7fb8c735d4__governance_evidence_package.py__part0002.md,2,516,538,0,_sibling_scan_fields,2fece0426163550ef83e302b52b9f002b12123e12eb35430df07c3d1f4c4b1f3,848a1e0945f85b3f6baec0be626a27020c6b77663e30104879bb16c65c861d24,1660,415
tools/governance_evidence_package.py,chunks/cb7fb8c735d4__governance_evidence_package.py__part0003.md,3,539,938,0,build_evidence_map;build_evidence_map.p;build_evidence_map._output_local_path,2fece0426163550ef83e302b52b9f002b12123e12eb35430df07c3d1f4c4b1f3,7d095b09e0d71de25ab8ac326a0184664751603558baeb85f79b31e52aa86360,28699,7175
tools/governance_evidence_package.py,chunks/cb7fb8c735d4__governance_evidence_package.py__part0004.md,4,939,1338,0,build_evidence_map,2fece0426163550ef83e302b52b9f002b12123e12eb35430df07c3d1f4c4b1f3,062258b6ecf2058a457f13c17c24dccfc3fcb60816ee277d24d1f6944fb599b3,29973,7493
tools/governance_evidence_package.py,chunks/cb7fb8c735d4__governance_evidence_package.py__part0005.md,5,1339,1481,0,build_evidence_map,2fece0426163550ef83e302b52b9f002b12123e12eb35430df07c3d1f4c4b1f3,bcfae5189a81c3e98fe0cfb539060bb00af8e4f52c4b5cfed4a05a8edf5245ae,9663,2416
tools/governance_evidence_package.py,chunks/cb7fb8c735d4__governance_evidence_package.py__part0006.md,6,1482,1621,0,_classify_scalar;_column_dtype;_scan_csv_file;inventory_export_directory_files;build_file_inventory_document,2fece0426163550ef83e302b52b9f002b12123e12eb35430df07c3d1f4c4b1f3,84569cd694b1af4c499aabf52436c9b31b054466352fefcfafbb422ecf153fb1,7343,1836
tools/label_synthesis/build_semantic_groups.py,chunks/613a171ae7b0__build_semantic_groups.py__part0001.md,1,1,431,0,build_grouping_prompt;_peer_block;_normalize_text_size;_parse_text_type_label_fields;_prompt_text_types;_prompt_arrowheads;_prompt_line_patterns;_prompt_line_styles;_normalise_fill_angle;_is_fill_angle_close;_infer_fill_geometry_description,ecbac527e320e64b586fce64b729698632c2ac0daced16f12b6c615ec9265668,59b9fadac14ca729a0712723c3854053e6e1ef90527ae938385a49415843bcbd,21686,5422
tools/label_synthesis/build_semantic_groups.py,chunks/613a171ae7b0__build_semantic_groups.py__part0002.md,2,432,899,0,_prompt_fill_patterns;_utc_now_iso;_read_csv_rows;_load_analysis_run_id;_load_cache;_save_cache;_write_json;_resolve_export_target;_write_export_batches;_load_export_progress;_save_export_progress;_derive_element_label;_load_pattern_rows;_load_pattern_to_record_pk;_resolve_identity_items_source;_load_identity_items_by_record;_line_pattern_segment_keys;_is_nullish;_extract_behavioral_props;_parse_grouping_response;_normalize_import_payload;_call_grouping_llm,ecbac527e320e64b586fce64b729698632c2ac0daced16f12b6c615ec9265668,b7a0be1e8ba4ea14398c0159f19f3d066db2fdd4ce015dd722882b53efd4df4e,23861,5965
tools/label_synthesis/build_semantic_groups.py,chunks/613a171ae7b0__build_semantic_groups.py__part0003.md,3,900,1196,0,build_semantic_groups;main,ecbac527e320e64b586fce64b729698632c2ac0daced16f12b6c615ec9265668,b99ae7b8521a47b1e81617b2a4bd29016aca93c8f601a9ace3aa4d801c048e86,16222,4056
tools/label_synthesis/synthesize_fragmented_labels.py,chunks/1330127f7655__synthesize_fragmented_labels.py__part0001.md,1,1,504,0,_collect_union_bundle_join_hashes;_load_governance_join_hashes;_strip_json_fences;_call_llm;_groups_vocab_path;load_groups_vocab;save_groups_vocab;_load_identity_items_from_csv;_load_representative_identity_items;_get_domain_records,4ae8d38bd620968b5c02d23c147ff7d09f661014f6d5a52c2f0040495114a524,e266d24185729956990ce8608f7eada08528ef4d5c8ff0a9407031529312fd9a,23489,5872
tools/label_synthesis/synthesize_fragmented_labels.py,chunks/1330127f7655__synthesize_fragmented_labels.py__part0002.md,2,505,1024,0,_load_domain_prompt_module;_write_review_csv;synthesize;synthesize._process_join_hash;_generic_system_prompt;_generic_build_prompt;main,4ae8d38bd620968b5c02d23c147ff7d09f661014f6d5a52c2f0040495114a524,f40e9a40765ab8129b927c360ac92cd1330596b0bddb56748be98839b069d235,25791,6448
tools/probes/probe_dimension_types.py,chunks/7d057b5923ed__probe_dimension_types.py__part0001.md,1,1,469,0,_safe;_safe_type_name;_get_family_name_param;_get_family_name_param._normalize_param_string;_safe_param_def_name;_safe_get_datatype;_is_length_datatype;_is_angle_datatype;_fmt_display;_format_param_contract;_shape_family_from_label;_get_dim_shape_info;_get_dim_shape_info._pack;_looks_like_dimension_type,c9e2998c9a3c2f218a004c3c8351e8c52a44975202334b7fe5365c73fa869cc7,d560d3d5902c6be28e17b198d945acf8ab978b65e443c05bbd9817204820e26d,18377,4594
tools/probes/probe_dimension_types.py,chunks/7d057b5923ed__probe_dimension_types.py__part0002.md,2,470,985,0,_example_score;_maybe_set_example;_md5;_try_call;_kv_norm;_format_synth_contract;_reflect_members;_try_extract_format_surface;_try_extract_format_surface._sig;_upsert_synth_inventory,c9e2998c9a3c2f218a004c3c8351e8c52a44975202334b7fe5365c73fa869cc7,5baf7c5b9cf31809e363ab634dc56ca068581a8f953b787ee108319cdbfd840c,21792,5448
tools/probes/probe_dimension_types.py,chunks/7d057b5923ed__probe_dimension_types.py__part0003.md,3,986,1160,0,_find_tick_param;_probe_revit_version;_probe_document_identity;_probe_run_id;_probe_wrap,c9e2998c9a3c2f218a004c3c8351e8c52a44975202334b7fe5365c73fa869cc7,342ed6e4a3d2241278ed4e4d72c5c93f6661c47de8581fb69415bc02ae4d51fa,7570,1892
tools/probes/probe_fill_patterns.py,chunks/b39edd8a78f0__probe_fill_patterns.py__part0001.md,1,1,510,0,_safe;_safe_type_name;_safe_param_def_name;_safe_get_datatype;_is_length_datatype;_is_angle_datatype;_fmt_display;_format_param_contract;_contract_from_value;_to_inches;_to_degrees;_bucket_key_for_fill_pattern;_ensure_entry;_maybe_set_example;_observe;_add_computed_surface,b7e1557e7ca19327a8137f4deb5ab42ac2779f1fdaf52c22e2c857bbd8e6f712,ceebcc582802a3ad14dd98db1ee4629e07de7e7a60f1485f6f86d95dfb6ef0bd,20801,5200
tools/probes/probe_fill_patterns.py,chunks/b39edd8a78f0__probe_fill_patterns.py__part0002.md,2,511,1025,0,_resolve_workset;_reflect_member_names;_reflect_try_get;_reflect_contract;_run_reflection_sweep;_probe_revit_version;_probe_document_identity;_probe_run_id,b7e1557e7ca19327a8137f4deb5ab42ac2779f1fdaf52c22e2c857bbd8e6f712,b3683761a30311a96d4fafb015a367b11694acdcca620a478590287b9093e358,26759,6690
tools/probes/probe_fill_patterns.py,chunks/b39edd8a78f0__probe_fill_patterns.py__part0003.md,3,1026,1079,0,_probe_wrap,b7e1557e7ca19327a8137f4deb5ab42ac2779f1fdaf52c22e2c857bbd8e6f712,4b3c17715f90305b1b2210b59cc205c0caddb6396b26e2852df5ebec54a4e325,2647,662
tools/probes/probe_line_patterns.py,chunks/0655935a1774__probe_line_patterns.py__part0001.md,1,1,488,0,_safe;_safe_elem_name;_safe_param_def_name;_safe_get_datatype;_is_length_datatype;_is_angle_datatype;_fmt_display;_format_param_contract;_contract_from_raw;_to_inches;_lp_seg_type_id_and_name;_linepattern_signature;_maybe_set_example;_touch_param,09adef2ca571518818011587b6cc8376cc961624aa6e3b91af87f79082b3d74b,626e58d882be72b497e9e87235f596d662669aef9cb28ff24e75cc3f6fcdb1d2,18765,4691
tools/probes/probe_line_patterns.py,chunks/0655935a1774__probe_line_patterns.py__part0002.md,2,489,989,0,_iter_line_style_categories;_category_line_pattern_id;_resolve_workset;_reflect_member_names;_reflect_try_get;_reflect_contract;_run_reflection_sweep,09adef2ca571518818011587b6cc8376cc961624aa6e3b91af87f79082b3d74b,580032a61b8ec457c1e0d71a5be2b4a20a3e14eafddab0452f05d6d8c5a74c6d,26650,6662
tools/probes/probe_line_patterns.py,chunks/0655935a1774__probe_line_patterns.py__part0003.md,3,990,1105,0,_probe_revit_version;_probe_document_identity;_probe_run_id;_probe_wrap,09adef2ca571518818011587b6cc8376cc961624aa6e3b91af87f79082b3d74b,eb944a3eb2f796f2df83244d0ca602c74bc68ecafb2549fd031805c01f54875f,5052,1263
tools/probes/probe_line_styles.py,chunks/9d2d327cc5b0__probe_line_styles.py__part0001.md,1,1,472,0,_safe;_safe_param_def_name;_safe_get_datatype;_is_length_datatype;_is_angle_datatype;_fmt_display_param;_format_param_contract;_contract_value;_rgb_triplet;_hex_rgb_from_triplet;_get_lines_category_id;_is_line_style_graphicsstyle;_bucket_key;_maybe_set_example;_index_param;_virtual_surface,37339fee28db23b0f48664b771d0c3bb9d107f1271f8c7ea137315329b786ee7,f88c3d34778b12791da2b8a8b1f0555a639ec346b339deadf75253a9673c6b82,20160,5040
tools/probes/probe_line_styles.py,chunks/9d2d327cc5b0__probe_line_styles.py__part0002.md,2,473,972,0,_resolve_workset;_reflect_member_names;_reflect_try_get;_reflect_contract;_run_reflection_sweep;_probe_revit_version;_probe_document_identity;_probe_run_id;_probe_wrap,37339fee28db23b0f48664b771d0c3bb9d107f1271f8c7ea137315329b786ee7,c5311ed1aff99e0f246ab94dd8f135586e067982f43fbd2d53f764f950dcc0c6,26135,6534
tools/probes/probe_line_styles.py,chunks/9d2d327cc5b0__probe_line_styles.py__part0003.md,3,973,1007,0,,37339fee28db23b0f48664b771d0c3bb9d107f1271f8c7ea137315329b786ee7,aa37d9ba0a0e3bdb0f0000901c972c6cb5995a7428c5647cde63c9f9c8ffc1db,1784,446
tools/probes/probe_phase_filters.py,chunks/5d618f9065c8__probe_phase_filters.py__part0001.md,1,1,519,0,_safe;_safe_elem_name;_safe_param_def_name;_safe_get_datatype;_is_length_datatype;_is_angle_datatype;_fmt_display;_format_param_contract;_phase_status_bucket;_status_enum;_maybe_set_example;_add_inventory_obs;_get_view_phase_filter_param,a8d1433926c6953d854df7580a5b6491f41b1441d9e0e3f29235eaf75698242c,4e6445a31fe085a8687d5c88008077e92fcb5b0ab182358998ab0cd75fe2084c,20429,5107
tools/probes/probe_phase_filters.py,chunks/5d618f9065c8__probe_phase_filters.py__part0002.md,2,520,1022,0,_resolve_workset;_reflect_member_names;_reflect_try_get;_reflect_contract;_run_reflection_sweep;_probe_revit_version;_probe_document_identity;_probe_run_id;_probe_wrap,a8d1433926c6953d854df7580a5b6491f41b1441d9e0e3f29235eaf75698242c,d652f05ef7a2954cbb72f03398abfdc1f350a6ba56eeac7040816b211692c874,26371,6593
tools/probes/probe_phase_graphics.py,chunks/0715565fe64b__probe_phase_graphics.py__part0001.md,1,1,467,0,_safe;_safe_elem_name;_safe_param_def_name;_safe_get_datatype;_is_length_datatype;_is_angle_datatype;_fmt_display;_format_param_contract;_cap;_maybe_set_example;_index_params_from_elem;_resolve_workset_for_view_crosswalk;_resolve_filter_name,7c3277cf7d241a99aedfa2014cd4c5b4c1c314e89283d9945dd9c402f059fbe9,39ca11605b39dfb2a714a71fa07b10bf3fecf2e49928a14f622b68b342474cee,18787,4697
tools/probes/probe_phase_graphics.py,chunks/0715565fe64b__probe_phase_graphics.py__part0002.md,2,468,986,0,_get_phasefilter_param_from_view;_resolve_workset;_reflect_member_names;_reflect_try_get;_reflect_contract;_run_reflection_sweep;_probe_revit_version;_probe_document_identity;_probe_run_id,7c3277cf7d241a99aedfa2014cd4c5b4c1c314e89283d9945dd9c402f059fbe9,38907233691876847219f5798d6e11c0b2dbb0c573b6a2f1a876ab09c99ec7c1,28509,7127
tools/probes/probe_phase_graphics.py,chunks/0715565fe64b__probe_phase_graphics.py__part0003.md,3,987,1038,0,_probe_wrap,7c3277cf7d241a99aedfa2014cd4c5b4c1c314e89283d9945dd9c402f059fbe9,a8dc7cc69782452c08bf102191022c1706ad52c6110ec778c42ceec475421763,2465,616
tools/probes/probe_text_types.py,chunks/04ba81a7274e__probe_text_types.py__part0001.md,1,1,453,0,_safe;_safe_type_name;_safe_param_def_name;_safe_get_datatype;_is_length_datatype;_is_angle_datatype;_fmt_display;_format_param_contract;_contract_value;_rgb_triplet_from_int;_hex32_from_int;_rgb_rrggbb_from_int;_rgb_bbgrr_from_int;_hex_rgb_from_triplet;_slug;_looks_like_text_type;_text_font_key;_maybe_set_example,87bfb05b1c55eb50cd88eaad88e7bb9c9a5d9f1f5e0657eb612ffc30f9ac7ced,976e3213376e7852ac324f9a5ac8f6c38cc5055f4236484028d049c2b198e879,17386,4346
tools/probes/probe_text_types.py,chunks/04ba81a7274e__probe_text_types.py__part0002.md,2,454,905,0,_find_leader_arrow_param;_resolve_workset;_resolve_similar_type;_reflect_member_names;_reflect_try_get,87bfb05b1c55eb50cd88eaad88e7bb9c9a5d9f1f5e0657eb612ffc30f9ac7ced,15027a6096cb12213295406bdd8cf594f9651baab953a3ac05cdd196dea0c93d,22650,5662
tools/probes/probe_text_types.py,chunks/04ba81a7274e__probe_text_types.py__part0003.md,3,906,1125,0,_reflect_contract;_run_reflection_sweep;_probe_revit_version;_probe_document_identity;_probe_run_id;_probe_wrap,87bfb05b1c55eb50cd88eaad88e7bb9c9a5d9f1f5e0657eb612ffc30f9ac7ced,47214eb2d69b2ba56570db6ebf4e5599453d7568f6e6f6a6c61ec86cd88568d3,11619,2905
tools/probes/probe_view_filter_applications.py,chunks/f02119e86011__probe_view_filter_applications.py__part0001.md,1,1,461,0,_safe;_safe_type_name;_eid_int;_color_rgb_hex;_contract;_as_int_contract;_as_bool_int_contract;_as_string_contract;_as_elementid_contract;_ogs_get;_hash_sig;_ensure_param;_q_rank;_maybe_set_example;_observe;_view_bucket_key;_view_has_filters;_pv_from_ogs_field;_is_defaultish_ogs_value;_collect_applied_filters_in_order,54662f061e5f0ad2fd398cf9882aff71bf5cf2f3312ded3f562bef5b2eabfb1b,db635f85a4a3966c7f04126c627471df55912d951788e6a78e96775404dd6c67,18586,4646
tools/probes/probe_view_filter_applications.py,chunks/f02119e86011__probe_view_filter_applications.py__part0002.md,2,462,951,0,_resolve_workset;_reflect_member_names;_reflect_try_get;_reflect_contract,54662f061e5f0ad2fd398cf9882aff71bf5cf2f3312ded3f562bef5b2eabfb1b,0206e724ccd0a51a79fe6ebe7cd9978d179309d39da7a052d642532d08101ec7,27426,6856
tools/probes/probe_view_filter_applications.py,chunks/f02119e86011__probe_view_filter_applications.py__part0003.md,3,952,1100,0,_run_reflection_sweep;_probe_revit_version;_probe_document_identity;_probe_run_id;_probe_wrap,54662f061e5f0ad2fd398cf9882aff71bf5cf2f3312ded3f562bef5b2eabfb1b,32ed81483f32b50ffbdd00d0a1a1814e325e718f5e1db856a70fee8d31157c2c,7093,1773
tools/probes/probe_view_filter_definitions.py,chunks/093dfbe576db__probe_view_filter_definitions.py__part0001.md,1,1,333,0,_safe;_sha1;_as_param_payload;_maybe_set_example;_observe;_bucket_label_from_categories;_resolve_category_name;_element_filter_kind;_get_subfilters;_get_rules_from_element_parameter_filter;_rule_parameter_id;_rule_evaluator_name;_rule_value_best_effort;_flatten_element_filter,55514de8160889f7abe33d957fabe54c77f668e09919199e92f16fe13ccf2c44,e4e615cb9982b8489defa895ed74e6abb5808dec4a9c95a7fa5017c3dba34fd9,13930,3482
tools/probes/probe_view_filter_definitions.py,chunks/093dfbe576db__probe_view_filter_definitions.py__part0002.md,2,334,851,0,_reflect_member_names;_reflect_try_get;_reflect_contract;_run_reflection_sweep,55514de8160889f7abe33d957fabe54c77f668e09919199e92f16fe13ccf2c44,e5ff1fafe2dc2ac065694f3bf70eb18a7eb299a9bd5558c3da62091aedfb8fe0,27019,6755
tools/probes/probe_view_filter_definitions.py,chunks/093dfbe576db__probe_view_filter_definitions.py__part0003.md,3,852,1055,0,_resolve_workset;_probe_revit_version;_probe_document_identity;_probe_run_id;_probe_wrap,55514de8160889f7abe33d957fabe54c77f668e09919199e92f16fe13ccf2c44,d0951c4db1bda89120a97e07eb18096784603c02c73f07f131e6bae4eec13d1a,9554,2388
tools/run_extract_all.py,chunks/42b2769892af__run_extract_all.py__part0001.md,1,1,499,0,_append_line_pattern_synthetic_norm_hash;_discover_domains_from_exports;_ensure_dir;_resolve_sig_hash_policy_path;_apply_sig_hash_to_phase0;_apply_sig_hash_to_phase0._load_items_for_domain;_run;_read_csv_rows;_iter_csv_rows;_check_governance_field_completeness;_ensure_domain_scoped_identity_items,6097e03c70f161dde5df1eb1e3887c55c0c5ff53ad8f51c123db9238e5ca6429,e6bbbee21b846e99871ad54a268a5d0459c0988dd38a1416ec0eda8f784ab1f6,25954,6488
tools/run_extract_all.py,chunks/42b2769892af__run_extract_all.py__part0002.md,2,500,726,0,_validate_line_pattern_synthetic_norm_hash;_emit_join_policy_diagnostics;_detect_surfaces;_merge_index_details;_pick_sample_file;_read_json;_infer_domains;_parse_stage_csv;_warn_deprecated_alias;_enforce_policy_gate,6097e03c70f161dde5df1eb1e3887c55c0c5ff53ad8f51c123db9238e5ca6429,e927707169cd84e34fac5f37c78097958e0cb31f1dda92445c289a6f47d31a0b,12430,3108
tools/run_extract_all.py,chunks/42b2769892af__run_extract_all.py__part0003.md,3,727,1234,0,main,6097e03c70f161dde5df1eb1e3887c55c0c5ff53ad8f51c123db9238e5ca6429,3ce8ce15884684f31cb81181efb0078351ab808cd22dff87eb18216beee730d2,33965,8491
tools/run_segment_orchestrator.py,chunks/0b6a1cdb1bac__run_segment_orchestrator.py__part0001.md,1,1,410,0,load_manifest;load_registry;load_membership;write_registry_atomic;utc_now_iso;compute_worker_split;_write_run_summary;run_step;run_step_capture;run_step_log;_preshard_one_shard,c1d79ae240bf0af45e5deb47ebd929be191e1d6bb8a42be87fe41cbe5dfc7646,a17220e5416710b1c5f15905c376548dcced1a71669ed7968c65a6bf0a1cc056,20223,5056
tools/run_segment_orchestrator.py,chunks/0b6a1cdb1bac__run_segment_orchestrator.py__part0002.md,2,411,907,0,_preshard_corpus_records;_write_segment_records;_filter_name_key_csv_to_segment;_filter_name_key_csv_to_segment._in_segment;_build_patterns_missing_notes;_active_domains_from_presence_csv;_active_domains_from_name_patterns;_segment_has_name_leg_output;merge_bi_outputs;build_run_plan;build_run_plan.sort_key,c1d79ae240bf0af45e5deb47ebd929be191e1d6bb8a42be87fe41cbe5dfc7646,70ceb3c6375ae27f2d1d20aab78c617046a2e954d67bb743e212f6d54f340437,28086,7022
tools/run_segment_orchestrator.py,chunks/0b6a1cdb1bac__run_segment_orchestrator.py__part0003.md,3,908,1396,0,validate_membership_against_manifest;_clear_stale_name_all_before_run;_run_one_segment;_run_one_segment.log,c1d79ae240bf0af45e5deb47ebd929be191e1d6bb8a42be87fe41cbe5dfc7646,0b3a57b1fef3bef141a2591b1c90812e6c8481c4727560751db43a1cc82a402f,30597,7649
tools/run_segment_orchestrator.py,chunks/0b6a1cdb1bac__run_segment_orchestrator.py__part0004.md,4,1397,1867,0,run_orchestrator;main,c1d79ae240bf0af45e5deb47ebd929be191e1d6bb8a42be87fe41cbe5dfc7646,2eed004ed6a4717d77594948826e8522acc3dce8148436050d17d4d0e1550b1f,26013,6503
