domain,column,rows_in_domain,present_count,present_rate,non_null_count,null_count,resolution_rate,value_types,unique_value_count,unique_value_count_capped,example,revit_versions_seen,first_seen,last_seen,run_count,source_files
arrowheads,arrowhead.name,53,53,100.0%,53,0,100.0%,str,43,False,"Diagonal 1/16""",2025,2026-08-04T14:03:14.300203,2026-08-04T14:48:57.764674,3,probes_2025_20260804T140314-c44dde.json;probes_2025_20260804T144211-baf6e6.json;probes_2025_20260804T144857-a65442.json
arrowheads,arrowhead.resolved,53,53,100.0%,53,0,100.0%,bool,1,False,True,2025,2026-08-04T14:03:14.300203,2026-08-04T14:48:57.764674,3,probes_2025_20260804T140314-c44dde.json;probes_2025_20260804T144211-baf6e6.json;probes_2025_20260804T144857-a65442.json
arrowheads,arrowhead.type_id,53,53,100.0%,53,0,100.0%,int,50,False,185270,2025,2026-08-04T14:03:14.300203,2026-08-04T14:48:57.764674,3,probes_2025_20260804T140314-c44dde.json;probes_2025_20260804T144211-baf6e6.json;probes_2025_20260804T144857-a65442.json
arrowheads,arrowhead.workset_id,53,53,100.0%,53,0,100.0%,int,1,False,32,2025,2026-08-04T14:03:14.300203,2026-08-04T14:48:57.764674,3,probes_2025_20260804T140314-c44dde.json;probes_2025_20260804T144211-baf6e6.json;probes_2025_20260804T144857-a65442.json
arrowheads,arrowhead.workset_name,53,53,100.0%,53,0,100.0%,str,1,False,Arrowhead Styles,2025,2026-08-04T14:03:14.300203,2026-08-04T14:48:57.764674,3,probes_2025_20260804T140314-c44dde.json;probes_2025_20260804T144211-baf6e6.json;probes_2025_20260804T144857-a65442.json
arrowheads,dim_type.id,53,53,100.0%,53,0,100.0%,int,50,False,16,2025,2026-08-04T14:03:14.300203,2026-08-04T14:48:57.764674,3,probes_2025_20260804T140314-c44dde.json;probes_2025_20260804T144211-baf6e6.json;probes_2025_20260804T144857-a65442.json
arrowheads,dim_type.name,53,53,100.0%,53,0,100.0%,str,47,False,Ryan Linear,2025,2026-08-04T14:03:14.300203,2026-08-04T14:48:57.764674,3,probes_2025_20260804T140314-c44dde.json;probes_2025_20260804T144211-baf6e6.json;probes_2025_20260804T144857-a65442.json
arrowheads,tick_param,53,53,100.0%,53,0,100.0%,dict,50,False,"{'display': 'Diagonal 1/16""', 'norm': 185270, 'q': 'ok', 'raw': 185270, 'storage': 'ElementId'}",2025,2026-08-04T14:03:14.300203,2026-08-04T14:48:57.764674,3,probes_2025_20260804T140314-c44dde.json;probes_2025_20260804T144211-baf6e6.json;probes_2025_20260804T144857-a65442.json
arrowheads,tick_param.matched_name,53,53,100.0%,53,0,100.0%,str,1,False,Tick Mark,2025,2026-08-04T14:03:14.300203,2026-08-04T14:48:57.764674,3,probes_2025_20260804T140314-c44dde.json;probes_2025_20260804T144211-baf6e6.json;probes_2025_20260804T144857-a65442.json
browser_organization,bip_label,18,18,100.0%,4,14,22.2%,NoneType;str,2,False,Family and Type,2025,2026-08-04T14:03:14.300203,2026-08-04T14:48:57.764674,3,probes_2025_20260804T140314-c44dde.json;probes_2025_20260804T144211-baf6e6.json;probes_2025_20260804T144857-a65442.json
browser_organization,bip_name,18,18,100.0%,4,14,22.2%,NoneType;str,2,False,VIEW_TYPE,2025,2026-08-04T14:03:14.300203,2026-08-04T14:48:57.764674,3,probes_2025_20260804T140314-c44dde.json;probes_2025_20260804T144211-baf6e6.json;probes_2025_20260804T144857-a65442.json
browser_organization,category,18,18,100.0%,18,0,100.0%,str,3,False,views,2025,2026-08-04T14:03:14.300203,2026-08-04T14:48:57.764674,3,probes_2025_20260804T140314-c44dde.json;probes_2025_20260804T144211-baf6e6.json;probes_2025_20260804T144857-a65442.json
browser_organization,definition_built_in_parameter,18,18,100.0%,14,4,77.8%,NoneType;str,1,False,-1,2025,2026-08-04T14:03:14.300203,2026-08-04T14:48:57.764674,3,probes_2025_20260804T140314-c44dde.json;probes_2025_20260804T144211-baf6e6.json;probes_2025_20260804T144857-a65442.json
browser_organization,definition_name,18,18,100.0%,14,4,77.8%,NoneType;str,4,False,Discipline,2025,2026-08-04T14:03:14.300203,2026-08-04T14:48:57.764674,3,probes_2025_20260804T140314-c44dde.json;probes_2025_20260804T144211-baf6e6.json;probes_2025_20260804T144857-a65442.json
browser_organization,depth,18,18,100.0%,18,0,100.0%,int,3,False,0,2025,2026-08-04T14:03:14.300203,2026-08-04T14:48:57.764674,3,probes_2025_20260804T140314-c44dde.json;probes_2025_20260804T144211-baf6e6.json;probes_2025_20260804T144857-a65442.json
browser_organization,display_name,18,18,100.0%,18,0,100.0%,str,5,False,Family and Type,2025,2026-08-04T14:03:14.300203,2026-08-04T14:48:57.764674,3,probes_2025_20260804T140314-c44dde.json;probes_2025_20260804T144211-baf6e6.json;probes_2025_20260804T144857-a65442.json
browser_organization,display_name_source,18,18,100.0%,18,0,100.0%,str,2,False,bip_label,2025,2026-08-04T14:03:14.300203,2026-08-04T14:48:57.764674,3,probes_2025_20260804T140314-c44dde.json;probes_2025_20260804T144211-baf6e6.json;probes_2025_20260804T144857-a65442.json
browser_organization,eid_int,18,18,100.0%,18,0,100.0%,int,6,False,-1012106,2025,2026-08-04T14:03:14.300203,2026-08-04T14:48:57.764674,3,probes_2025_20260804T140314-c44dde.json;probes_2025_20260804T144211-baf6e6.json;probes_2025_20260804T144857-a65442.json
browser_organization,folder_item_name,18,18,100.0%,18,0,100.0%,str,1,False,???,2025,2026-08-04T14:03:14.300203,2026-08-04T14:48:57.764674,3,probes_2025_20260804T140314-c44dde.json;probes_2025_20260804T144211-baf6e6.json;probes_2025_20260804T144857-a65442.json
browser_organization,is_shared_param,18,18,100.0%,18,0,100.0%,bool,1,False,False,2025,2026-08-04T14:03:14.300203,2026-08-04T14:48:57.764674,3,probes_2025_20260804T140314-c44dde.json;probes_2025_20260804T144211-baf6e6.json;probes_2025_20260804T144857-a65442.json
browser_organization,kind,18,18,100.0%,18,0,100.0%,str,3,False,builtin_parameter,2025,2026-08-04T14:03:14.300203,2026-08-04T14:48:57.764674,3,probes_2025_20260804T140314-c44dde.json;probes_2025_20260804T144211-baf6e6.json;probes_2025_20260804T144857-a65442.json
browser_organization,skip,18,18,100.0%,18,0,100.0%,bool,2,False,False,2025,2026-08-04T14:03:14.300203,2026-08-04T14:48:57.764674,3,probes_2025_20260804T140314-c44dde.json;probes_2025_20260804T144211-baf6e6.json;probes_2025_20260804T144857-a65442.json
ceiling_types,ceiling_type.id,46,46,100.0%,46,0,100.0%,int,25,False,44798,2025,2026-08-04T14:03:14.300203,2026-08-04T14:48:57.764674,3,probes_2025_20260804T140314-c44dde.json;probes_2025_20260804T144211-baf6e6.json;probes_2025_20260804T144857-a65442.json
ceiling_types,ceiling_type.name,46,46,100.0%,46,0,100.0%,str,24,False,"Generic - 4""",2025,2026-08-04T14:03:14.300203,2026-08-04T14:48:57.764674,3,probes_2025_20260804T140314-c44dde.json;probes_2025_20260804T144211-baf6e6.json;probes_2025_20260804T144857-a65442.json
ceiling_types,ceiling_type.workset_id,46,46,100.0%,46,0,100.0%,int,2,False,53,2025,2026-08-04T14:03:14.300203,2026-08-04T14:48:57.764674,3,probes_2025_20260804T140314-c44dde.json;probes_2025_20260804T144211-baf6e6.json;probes_2025_20260804T144857-a65442.json
ceiling_types,ceiling_type.workset_name,46,46,100.0%,46,0,100.0%,str,2,False,Roof Soffit Settings,2025,2026-08-04T14:03:14.300203,2026-08-04T14:48:57.764674,3,probes_2025_20260804T140314-c44dde.json;probes_2025_20260804T144211-baf6e6.json;probes_2025_20260804T144857-a65442.json
ceiling_types,layer.function,46,46,100.0%,46,0,100.0%,str,3,False,1,2025,2026-08-04T14:03:14.300203,2026-08-04T14:48:57.764674,3,probes_2025_20260804T140314-c44dde.json;probes_2025_20260804T144211-baf6e6.json;probes_2025_20260804T144857-a65442.json
ceiling_types,layer.index,46,46,100.0%,46,0,100.0%,int,2,False,0,2025,2026-08-04T14:03:14.300203,2026-08-04T14:48:57.764674,3,probes_2025_20260804T140314-c44dde.json;probes_2025_20260804T144211-baf6e6.json;probes_2025_20260804T144857-a65442.json
ceiling_types,layer.is_structural_material,46,46,100.0%,46,0,100.0%,bool,2,False,True,2025,2026-08-04T14:03:14.300203,2026-08-04T14:48:57.764674,3,probes_2025_20260804T140314-c44dde.json;probes_2025_20260804T144211-baf6e6.json;probes_2025_20260804T144857-a65442.json
ceiling_types,layer.is_variable_width,46,46,100.0%,46,0,100.0%,bool,1,False,False,2025,2026-08-04T14:03:14.300203,2026-08-04T14:48:57.764674,3,probes_2025_20260804T140314-c44dde.json;probes_2025_20260804T144211-baf6e6.json;probes_2025_20260804T144857-a65442.json
ceiling_types,layer.material_id,46,46,100.0%,46,0,100.0%,int,21,False,-1,2025,2026-08-04T14:03:14.300203,2026-08-04T14:48:57.764674,3,probes_2025_20260804T140314-c44dde.json;probes_2025_20260804T144211-baf6e6.json;probes_2025_20260804T144857-a65442.json
ceiling_types,layer.material_name,46,46,100.0%,33,13,71.7%,NoneType;str,19,False,"MTL STUD-01_Non-structural metal framing - interior studs - non-load bearing, 20 ga._3 5/8in",2025,2026-08-04T14:03:14.300203,2026-08-04T14:48:57.764674,3,probes_2025_20260804T140314-c44dde.json;probes_2025_20260804T144211-baf6e6.json;probes_2025_20260804T144857-a65442.json
ceiling_types,layer.material_resolved,46,46,100.0%,46,0,100.0%,bool,2,False,False,2025,2026-08-04T14:03:14.300203,2026-08-04T14:48:57.764674,3,probes_2025_20260804T140314-c44dde.json;probes_2025_20260804T144211-baf6e6.json;probes_2025_20260804T144857-a65442.json
ceiling_types,layer.width_in,46,46,100.0%,46,0,100.0%,float,10,False,3.9999999999999996,2025,2026-08-04T14:03:14.300203,2026-08-04T14:48:57.764674,3,probes_2025_20260804T140314-c44dde.json;probes_2025_20260804T144211-baf6e6.json;probes_2025_20260804T144857-a65442.json
dimension_types,arrowhead.name,13,13,100.0%,13,0,100.0%,str,10,False,"Diagonal 1/16""",2025,2026-08-04T14:03:14.300203,2026-08-04T14:48:57.764674,3,probes_2025_20260804T140314-c44dde.json;probes_2025_20260804T144211-baf6e6.json;probes_2025_20260804T144857-a65442.json
dimension_types,arrowhead.resolved,13,13,100.0%,13,0,100.0%,bool,1,False,True,2025,2026-08-04T14:03:14.300203,2026-08-04T14:48:57.764674,3,probes_2025_20260804T140314-c44dde.json;probes_2025_20260804T144211-baf6e6.json;probes_2025_20260804T144857-a65442.json
dimension_types,arrowhead.type_id,13,13,100.0%,13,0,100.0%,int,10,False,185270,2025,2026-08-04T14:03:14.300203,2026-08-04T14:48:57.764674,3,probes_2025_20260804T140314-c44dde.json;probes_2025_20260804T144211-baf6e6.json;probes_2025_20260804T144857-a65442.json
dimension_types,dim_type.id,13,13,100.0%,13,0,100.0%,int,10,False,16,2025,2026-08-04T14:03:14.300203,2026-08-04T14:48:57.764674,3,probes_2025_20260804T140314-c44dde.json;probes_2025_20260804T144211-baf6e6.json;probes_2025_20260804T144857-a65442.json
dimension_types,dim_type.name,13,13,100.0%,13,0,100.0%,str,11,False,Ryan Linear,2025,2026-08-04T14:03:14.300203,2026-08-04T14:48:57.764674,3,probes_2025_20260804T140314-c44dde.json;probes_2025_20260804T144211-baf6e6.json;probes_2025_20260804T144857-a65442.json
dimension_types,dim_type.shape,13,13,100.0%,13,0,100.0%,str,3,False,Linear|0,2025,2026-08-04T14:03:14.300203,2026-08-04T14:48:57.764674,3,probes_2025_20260804T140314-c44dde.json;probes_2025_20260804T144211-baf6e6.json;probes_2025_20260804T144857-a65442.json
dimension_types,dim_type.shape_family,13,13,100.0%,13,0,100.0%,str,3,False,linear,2025,2026-08-04T14:03:14.300203,2026-08-04T14:48:57.764674,3,probes_2025_20260804T140314-c44dde.json;probes_2025_20260804T144211-baf6e6.json;probes_2025_20260804T144857-a65442.json
dimension_types,dim_type.shape_label,13,13,100.0%,13,0,100.0%,str,3,False,Linear,2025,2026-08-04T14:03:14.300203,2026-08-04T14:48:57.764674,3,probes_2025_20260804T140314-c44dde.json;probes_2025_20260804T144211-baf6e6.json;probes_2025_20260804T144857-a65442.json
dimension_types,tick_param,13,13,100.0%,13,0,100.0%,dict,10,False,"{'display': 'Diagonal 1/16""', 'norm': 185270, 'q': 'ok', 'raw': 185270, 'storage': 'ElementId'}",2025,2026-08-04T14:03:14.300203,2026-08-04T14:48:57.764674,3,probes_2025_20260804T140314-c44dde.json;probes_2025_20260804T144211-baf6e6.json;probes_2025_20260804T144857-a65442.json
dimension_types,tick_param.matched_name,13,13,100.0%,13,0,100.0%,str,1,False,Tick Mark,2025,2026-08-04T14:03:14.300203,2026-08-04T14:48:57.764674,3,probes_2025_20260804T140314-c44dde.json;probes_2025_20260804T144211-baf6e6.json;probes_2025_20260804T144857-a65442.json
floor_types,floor_type.id,54,54,100.0%,54,0,100.0%,int,42,False,117725,2025,2026-08-04T14:03:14.300203,2026-08-04T14:48:57.764674,3,probes_2025_20260804T140314-c44dde.json;probes_2025_20260804T144211-baf6e6.json;probes_2025_20260804T144857-a65442.json
floor_types,floor_type.name,54,54,100.0%,54,0,100.0%,str,43,False,"6"" Foundation Slab",2025,2026-08-04T14:03:14.300203,2026-08-04T14:48:57.764674,3,probes_2025_20260804T140314-c44dde.json;probes_2025_20260804T144211-baf6e6.json;probes_2025_20260804T144857-a65442.json
floor_types,floor_type.workset_id,54,54,100.0%,54,0,100.0%,int,2,False,84,2025,2026-08-04T14:03:14.300203,2026-08-04T14:48:57.764674,3,probes_2025_20260804T140314-c44dde.json;probes_2025_20260804T144211-baf6e6.json;probes_2025_20260804T144857-a65442.json
floor_types,floor_type.workset_name,54,54,100.0%,54,0,100.0%,str,2,False,Foundation Slab Types,2025,2026-08-04T14:03:14.300203,2026-08-04T14:48:57.764674,3,probes_2025_20260804T140314-c44dde.json;probes_2025_20260804T144211-baf6e6.json;probes_2025_20260804T144857-a65442.json
floor_types,layer.function,54,54,100.0%,54,0,100.0%,str,5,False,1,2025,2026-08-04T14:03:14.300203,2026-08-04T14:48:57.764674,3,probes_2025_20260804T140314-c44dde.json;probes_2025_20260804T144211-baf6e6.json;probes_2025_20260804T144857-a65442.json
floor_types,layer.index,54,54,100.0%,54,0,100.0%,int,2,False,0,2025,2026-08-04T14:03:14.300203,2026-08-04T14:48:57.764674,3,probes_2025_20260804T140314-c44dde.json;probes_2025_20260804T144211-baf6e6.json;probes_2025_20260804T144857-a65442.json
floor_types,layer.is_structural_material,54,54,100.0%,54,0,100.0%,bool,2,False,True,2025,2026-08-04T14:03:14.300203,2026-08-04T14:48:57.764674,3,probes_2025_20260804T140314-c44dde.json;probes_2025_20260804T144211-baf6e6.json;probes_2025_20260804T144857-a65442.json
floor_types,layer.is_variable_width,54,54,100.0%,54,0,100.0%,bool,2,False,False,2025,2026-08-04T14:03:14.300203,2026-08-04T14:48:57.764674,3,probes_2025_20260804T140314-c44dde.json;probes_2025_20260804T144211-baf6e6.json;probes_2025_20260804T144857-a65442.json
floor_types,layer.material_id,54,54,100.0%,54,0,100.0%,int,34,False,-1,2025,2026-08-04T14:03:14.300203,2026-08-04T14:48:57.764674,3,probes_2025_20260804T140314-c44dde.json;probes_2025_20260804T144211-baf6e6.json;probes_2025_20260804T144857-a65442.json
floor_types,layer.material_name,54,54,100.0%,49,5,90.7%,NoneType;str,33,False,Concrete - Post Tension Slab,2025,2026-08-04T14:03:14.300203,2026-08-04T14:48:57.764674,3,probes_2025_20260804T140314-c44dde.json;probes_2025_20260804T144211-baf6e6.json;probes_2025_20260804T144857-a65442.json
floor_types,layer.material_resolved,54,54,100.0%,54,0,100.0%,bool,2,False,False,2025,2026-08-04T14:03:14.300203,2026-08-04T14:48:57.764674,3,probes_2025_20260804T140314-c44dde.json;probes_2025_20260804T144211-baf6e6.json;probes_2025_20260804T144857-a65442.json
floor_types,layer.width_in,54,54,100.0%,54,0,100.0%,float,20,False,5.999999999999999,2025,2026-08-04T14:03:14.300203,2026-08-04T14:48:57.764674,3,probes_2025_20260804T140314-c44dde.json;probes_2025_20260804T144211-baf6e6.json;probes_2025_20260804T144857-a65442.json
identity,project_info.element_id,3,3,100.0%,3,0,100.0%,int,2,False,76675,2025,2026-08-04T14:03:14.300203,2026-08-04T14:48:57.764674,3,probes_2025_20260804T140314-c44dde.json;probes_2025_20260804T144211-baf6e6.json;probes_2025_20260804T144857-a65442.json
identity,project_info.name,3,3,100.0%,3,0,100.0%,str,3,False,FRIENDSHIP VILLAGE TEMPE - IL APARTMENTS,2025,2026-08-04T14:03:14.300203,2026-08-04T14:48:57.764674,3,probes_2025_20260804T140314-c44dde.json;probes_2025_20260804T144211-baf6e6.json;probes_2025_20260804T144857-a65442.json
identity,project_info.workset_id,3,3,100.0%,3,0,100.0%,int,1,False,4,2025,2026-08-04T14:03:14.300203,2026-08-04T14:48:57.764674,3,probes_2025_20260804T140314-c44dde.json;probes_2025_20260804T144211-baf6e6.json;probes_2025_20260804T144857-a65442.json
identity,project_info.workset_name,3,3,100.0%,3,0,100.0%,str,1,False,Project Info,2025,2026-08-04T14:03:14.300203,2026-08-04T14:48:57.764674,3,probes_2025_20260804T140314-c44dde.json;probes_2025_20260804T144211-baf6e6.json;probes_2025_20260804T144857-a65442.json
line_patterns,linestyle.category_id,95,95,100.0%,95,0,100.0%,int,86,False,3157610,2025,2026-08-04T14:03:14.300203,2026-08-04T14:48:57.764674,3,probes_2025_20260804T140314-c44dde.json;probes_2025_20260804T144211-baf6e6.json;probes_2025_20260804T144857-a65442.json
line_patterns,linestyle.graphics_style_type,95,95,100.0%,95,0,100.0%,str,1,False,Projection,2025,2026-08-04T14:03:14.300203,2026-08-04T14:48:57.764674,3,probes_2025_20260804T140314-c44dde.json;probes_2025_20260804T144211-baf6e6.json;probes_2025_20260804T144857-a65442.json
line_patterns,linestyle.name,95,95,100.0%,95,0,100.0%,str,87,False,Grid Line,2025,2026-08-04T14:03:14.300203,2026-08-04T14:48:57.764674,3,probes_2025_20260804T140314-c44dde.json;probes_2025_20260804T144211-baf6e6.json;probes_2025_20260804T144857-a65442.json
line_patterns,pattern.id,95,95,100.0%,95,0,100.0%,int,84,False,36793,2025,2026-08-04T14:03:14.300203,2026-08-04T14:48:57.764674,3,probes_2025_20260804T140314-c44dde.json;probes_2025_20260804T144211-baf6e6.json;probes_2025_20260804T144857-a65442.json
line_patterns,pattern.name,95,95,100.0%,95,0,100.0%,str,73,False,"Center 3/8""",2025,2026-08-04T14:03:14.300203,2026-08-04T14:48:57.764674,3,probes_2025_20260804T140314-c44dde.json;probes_2025_20260804T144211-baf6e6.json;probes_2025_20260804T144857-a65442.json
line_patterns,pattern.resolved,95,95,100.0%,95,0,100.0%,bool,1,False,True,2025,2026-08-04T14:03:14.300203,2026-08-04T14:48:57.764674,3,probes_2025_20260804T140314-c44dde.json;probes_2025_20260804T144211-baf6e6.json;probes_2025_20260804T144857-a65442.json
line_patterns,pattern.workset_id,95,95,100.0%,95,0,100.0%,int,1,False,9,2025,2026-08-04T14:03:14.300203,2026-08-04T14:48:57.764674,3,probes_2025_20260804T140314-c44dde.json;probes_2025_20260804T144211-baf6e6.json;probes_2025_20260804T144857-a65442.json
line_patterns,pattern.workset_name,95,95,100.0%,95,0,100.0%,str,1,False,Line Patterns,2025,2026-08-04T14:03:14.300203,2026-08-04T14:48:57.764674,3,probes_2025_20260804T140314-c44dde.json;probes_2025_20260804T144211-baf6e6.json;probes_2025_20260804T144857-a65442.json
line_styles,line_pattern.id,113,113,100.0%,113,0,100.0%,int,97,False,-3000010,2025,2026-08-04T14:03:14.300203,2026-08-04T14:48:57.764674,3,probes_2025_20260804T140314-c44dde.json;probes_2025_20260804T144211-baf6e6.json;probes_2025_20260804T144857-a65442.json
line_styles,line_pattern.name,113,113,100.0%,107,6,94.7%,NoneType;str,82,False,"Center 1/4""",2025,2026-08-04T14:03:14.300203,2026-08-04T14:48:57.764674,3,probes_2025_20260804T140314-c44dde.json;probes_2025_20260804T144211-baf6e6.json;probes_2025_20260804T144857-a65442.json
line_styles,line_pattern.resolved,113,113,100.0%,113,0,100.0%,bool,2,False,False,2025,2026-08-04T14:03:14.300203,2026-08-04T14:48:57.764674,3,probes_2025_20260804T140314-c44dde.json;probes_2025_20260804T144211-baf6e6.json;probes_2025_20260804T144857-a65442.json
line_styles,line_style.id,113,113,100.0%,113,0,100.0%,int,97,False,17830,2025,2026-08-04T14:03:14.300203,2026-08-04T14:48:57.764674,3,probes_2025_20260804T140314-c44dde.json;probes_2025_20260804T144211-baf6e6.json;probes_2025_20260804T144857-a65442.json
line_styles,line_style.name,113,113,100.0%,113,0,100.0%,str,95,False,<Room Separation>,2025,2026-08-04T14:03:14.300203,2026-08-04T14:48:57.764674,3,probes_2025_20260804T140314-c44dde.json;probes_2025_20260804T144211-baf6e6.json;probes_2025_20260804T144857-a65442.json
line_styles,line_style.type,113,113,100.0%,113,0,100.0%,str,1,False,1,2025,2026-08-04T14:03:14.300203,2026-08-04T14:48:57.764674,3,probes_2025_20260804T140314-c44dde.json;probes_2025_20260804T144211-baf6e6.json;probes_2025_20260804T144857-a65442.json
line_styles,line_style.workset_id,113,113,100.0%,113,0,100.0%,int,1,False,8,2025,2026-08-04T14:03:14.300203,2026-08-04T14:48:57.764674,3,probes_2025_20260804T140314-c44dde.json;probes_2025_20260804T144211-baf6e6.json;probes_2025_20260804T144857-a65442.json
line_styles,line_style.workset_name,113,113,100.0%,113,0,100.0%,str,1,False,Line Styles,2025,2026-08-04T14:03:14.300203,2026-08-04T14:48:57.764674,3,probes_2025_20260804T140314-c44dde.json;probes_2025_20260804T144211-baf6e6.json;probes_2025_20260804T144857-a65442.json
loaded_family_types,family_symbol.id,180,180,100.0%,180,0,100.0%,int,180,False,6850316,2025,2026-08-04T14:03:14.300203,2026-08-04T14:48:57.764674,3,probes_2025_20260804T140314-c44dde.json;probes_2025_20260804T144211-baf6e6.json;probes_2025_20260804T144857-a65442.json
loaded_family_types,family_symbol.name,180,180,100.0%,0,180,0.0%,NoneType,0,False,,2025,2026-08-04T14:03:14.300203,2026-08-04T14:48:57.764674,3,probes_2025_20260804T140314-c44dde.json;probes_2025_20260804T144211-baf6e6.json;probes_2025_20260804T144857-a65442.json
loaded_family_types,family_symbol.workset_id,180,180,100.0%,180,0,100.0%,int,138,False,8792,2025,2026-08-04T14:03:14.300203,2026-08-04T14:48:57.764674,3,probes_2025_20260804T140314-c44dde.json;probes_2025_20260804T144211-baf6e6.json;probes_2025_20260804T144857-a65442.json
loaded_family_types,family_symbol.workset_name,180,180,100.0%,180,0,100.0%,str,138,False,Family  : Doors : ---,2025,2026-08-04T14:03:14.300203,2026-08-04T14:48:57.764674,3,probes_2025_20260804T140314-c44dde.json;probes_2025_20260804T144211-baf6e6.json;probes_2025_20260804T144857-a65442.json
materials,appearance_asset.id,343,343,100.0%,334,9,97.4%,NoneType;int,262,False,185714,2025,2026-08-04T14:03:14.300203,2026-08-04T14:48:57.764674,3,probes_2025_20260804T140314-c44dde.json;probes_2025_20260804T144211-baf6e6.json;probes_2025_20260804T144857-a65442.json
materials,appearance_asset.name,343,343,100.0%,334,9,97.4%,NoneType;str,263,False,GLASS (1),2025,2026-08-04T14:03:14.300203,2026-08-04T14:48:57.764674,3,probes_2025_20260804T140314-c44dde.json;probes_2025_20260804T144211-baf6e6.json;probes_2025_20260804T144857-a65442.json
materials,appearance_asset.resolved,343,343,100.0%,343,0,100.0%,bool,2,False,True,2025,2026-08-04T14:03:14.300203,2026-08-04T14:48:57.764674,3,probes_2025_20260804T140314-c44dde.json;probes_2025_20260804T144211-baf6e6.json;probes_2025_20260804T144857-a65442.json
materials,material.class,343,343,100.0%,343,0,100.0%,str,33,False,Glass,2025,2026-08-04T14:03:14.300203,2026-08-04T14:48:57.764674,3,probes_2025_20260804T140314-c44dde.json;probes_2025_20260804T144211-baf6e6.json;probes_2025_20260804T144857-a65442.json
materials,material.id,343,343,100.0%,343,0,100.0%,int,279,False,1456927,2025,2026-08-04T14:03:14.300203,2026-08-04T14:48:57.764674,3,probes_2025_20260804T140314-c44dde.json;probes_2025_20260804T144211-baf6e6.json;probes_2025_20260804T144857-a65442.json
materials,material.name,343,343,100.0%,343,0,100.0%,str,272,False,GLASS,2025,2026-08-04T14:03:14.300203,2026-08-04T14:48:57.764674,3,probes_2025_20260804T140314-c44dde.json;probes_2025_20260804T144211-baf6e6.json;probes_2025_20260804T144857-a65442.json
materials,material.workset_id,343,343,100.0%,343,0,100.0%,int,1,False,10,2025,2026-08-04T14:03:14.300203,2026-08-04T14:48:57.764674,3,probes_2025_20260804T140314-c44dde.json;probes_2025_20260804T144211-baf6e6.json;probes_2025_20260804T144857-a65442.json
materials,material.workset_name,343,343,100.0%,343,0,100.0%,str,1,False,Materials,2025,2026-08-04T14:03:14.300203,2026-08-04T14:48:57.764674,3,probes_2025_20260804T140314-c44dde.json;probes_2025_20260804T144211-baf6e6.json;probes_2025_20260804T144857-a65442.json
materials,structural_asset.id,343,343,100.0%,52,291,15.2%,NoneType;int,44,False,179483,2025,2026-08-04T14:03:14.300203,2026-08-04T14:48:57.764674,3,probes_2025_20260804T140314-c44dde.json;probes_2025_20260804T144211-baf6e6.json;probes_2025_20260804T144857-a65442.json
materials,structural_asset.name,343,343,100.0%,52,291,15.2%,NoneType;str,39,False,Aluminum,2025,2026-08-04T14:03:14.300203,2026-08-04T14:48:57.764674,3,probes_2025_20260804T140314-c44dde.json;probes_2025_20260804T144211-baf6e6.json;probes_2025_20260804T144857-a65442.json
materials,structural_asset.resolved,343,343,100.0%,343,0,100.0%,bool,2,False,False,2025,2026-08-04T14:03:14.300203,2026-08-04T14:48:57.764674,3,probes_2025_20260804T140314-c44dde.json;probes_2025_20260804T144211-baf6e6.json;probes_2025_20260804T144857-a65442.json
materials,thermal_asset.id,343,343,100.0%,50,293,14.6%,NoneType;int,38,False,179484,2025,2026-08-04T14:03:14.300203,2026-08-04T14:48:57.764674,3,probes_2025_20260804T140314-c44dde.json;probes_2025_20260804T144211-baf6e6.json;probes_2025_20260804T144857-a65442.json
materials,thermal_asset.name,343,343,100.0%,50,293,14.6%,NoneType;str,33,False,Aluminum,2025,2026-08-04T14:03:14.300203,2026-08-04T14:48:57.764674,3,probes_2025_20260804T140314-c44dde.json;probes_2025_20260804T144211-baf6e6.json;probes_2025_20260804T144857-a65442.json
materials,thermal_asset.resolved,343,343,100.0%,343,0,100.0%,bool,2,False,False,2025,2026-08-04T14:03:14.300203,2026-08-04T14:48:57.764674,3,probes_2025_20260804T140314-c44dde.json;probes_2025_20260804T144211-baf6e6.json;probes_2025_20260804T144857-a65442.json
object_styles,category.is_subcategory,150,150,100.0%,150,0,100.0%,bool,2,False,False,2025,2026-08-04T14:03:14.300203,2026-08-04T14:48:57.764674,3,probes_2025_20260804T140314-c44dde.json;probes_2025_20260804T144211-baf6e6.json;probes_2025_20260804T144857-a65442.json
object_styles,category.name,150,150,100.0%,150,0,100.0%,str,104,False,MEP Fabrication Ductwork,2025,2026-08-04T14:03:14.300203,2026-08-04T14:48:57.764674,3,probes_2025_20260804T140314-c44dde.json;probes_2025_20260804T144211-baf6e6.json;probes_2025_20260804T144857-a65442.json
object_styles,category.parent_name,150,150,100.0%,123,27,82.0%,NoneType;str,10,False,MEP Fabrication Ductwork,2025,2026-08-04T14:03:14.300203,2026-08-04T14:48:57.764674,3,probes_2025_20260804T140314-c44dde.json;probes_2025_20260804T144211-baf6e6.json;probes_2025_20260804T144857-a65442.json
object_styles,category.type,150,150,100.0%,150,0,100.0%,str,2,False,1,2025,2026-08-04T14:03:14.300203,2026-08-04T14:48:57.764674,3,probes_2025_20260804T140314-c44dde.json;probes_2025_20260804T144211-baf6e6.json;probes_2025_20260804T144857-a65442.json
object_styles,cut.line_pattern,150,150,100.0%,18,132,12.0%,NoneType;dict,4,False,"{'name': None, 'type_id': -3000010}",2025,2026-08-04T14:03:14.300203,2026-08-04T14:48:57.764674,3,probes_2025_20260804T140314-c44dde.json;probes_2025_20260804T144211-baf6e6.json;probes_2025_20260804T144857-a65442.json
object_styles,material,150,150,100.0%,35,115,23.3%,NoneType;dict,1,False,"{'name': None, 'type_id': None}",2025,2026-08-04T14:03:14.300203,2026-08-04T14:48:57.764674,3,probes_2025_20260804T140314-c44dde.json;probes_2025_20260804T144211-baf6e6.json;probes_2025_20260804T144857-a65442.json
object_styles,projection.line_pattern,150,150,100.0%,150,0,100.0%,dict,10,False,"{'name': None, 'type_id': -3000010}",2025,2026-08-04T14:03:14.300203,2026-08-04T14:48:57.764674,3,probes_2025_20260804T140314-c44dde.json;probes_2025_20260804T144211-baf6e6.json;probes_2025_20260804T144857-a65442.json
phase_filters,phase_filter.id,13,13,100.0%,13,0,100.0%,int,10,False,22797,2025,2026-08-04T14:03:14.300203,2026-08-04T14:48:57.764674,3,probes_2025_20260804T140314-c44dde.json;probes_2025_20260804T144211-baf6e6.json;probes_2025_20260804T144857-a65442.json
phase_filters,phase_filter.name,13,13,100.0%,13,0,100.0%,str,6,False,Show All,2025,2026-08-04T14:03:14.300203,2026-08-04T14:48:57.764674,3,probes_2025_20260804T140314-c44dde.json;probes_2025_20260804T144211-baf6e6.json;probes_2025_20260804T144857-a65442.json
phase_filters,phase_filter.resolved,13,13,100.0%,13,0,100.0%,bool,1,False,True,2025,2026-08-04T14:03:14.300203,2026-08-04T14:48:57.764674,3,probes_2025_20260804T140314-c44dde.json;probes_2025_20260804T144211-baf6e6.json;probes_2025_20260804T144857-a65442.json
phase_filters,phase_filter.workset_id,13,13,100.0%,13,0,100.0%,int,1,False,13,2025,2026-08-04T14:03:14.300203,2026-08-04T14:48:57.764674,3,probes_2025_20260804T140314-c44dde.json;probes_2025_20260804T144211-baf6e6.json;probes_2025_20260804T144857-a65442.json
phase_filters,phase_filter.workset_name,13,13,100.0%,13,0,100.0%,str,1,False,Phase Settings,2025,2026-08-04T14:03:14.300203,2026-08-04T14:48:57.764674,3,probes_2025_20260804T140314-c44dde.json;probes_2025_20260804T144211-baf6e6.json;probes_2025_20260804T144857-a65442.json
phase_filters,phase_filter_param,13,13,100.0%,13,0,100.0%,dict,10,False,"{'display': 'Show All', 'norm': 22797, 'q': 'ok', 'raw': 22797, 'storage': 'ElementId'}",2025,2026-08-04T14:03:14.300203,2026-08-04T14:48:57.764674,3,probes_2025_20260804T140314-c44dde.json;probes_2025_20260804T144211-baf6e6.json;probes_2025_20260804T144857-a65442.json
phase_filters,phase_filter_param.matched_name,13,13,100.0%,13,0,100.0%,str,1,False,-1012103,2025,2026-08-04T14:03:14.300203,2026-08-04T14:48:57.764674,3,probes_2025_20260804T140314-c44dde.json;probes_2025_20260804T144211-baf6e6.json;probes_2025_20260804T144857-a65442.json
phase_filters,view.id,13,13,100.0%,13,0,100.0%,int,12,False,32,2025,2026-08-04T14:03:14.300203,2026-08-04T14:48:57.764674,3,probes_2025_20260804T140314-c44dde.json;probes_2025_20260804T144211-baf6e6.json;probes_2025_20260804T144857-a65442.json
phase_filters,view.name,13,13,100.0%,13,0,100.0%,str,12,False,LEVEL 1 PLAN,2025,2026-08-04T14:03:14.300203,2026-08-04T14:48:57.764674,3,probes_2025_20260804T140314-c44dde.json;probes_2025_20260804T144211-baf6e6.json;probes_2025_20260804T144857-a65442.json
phase_graphics,phase_filter_param,17,17,100.0%,17,0,100.0%,dict,13,False,"{'display': 'Show All', 'norm': 22797, 'q': 'ok', 'raw': 22797, 'storage': 'ElementId'}",2025,2026-08-04T14:03:14.300203,2026-08-04T14:48:57.764674,3,probes_2025_20260804T140314-c44dde.json;probes_2025_20260804T144211-baf6e6.json;probes_2025_20260804T144857-a65442.json
phase_graphics,phase_filter_param.matched_name,17,17,100.0%,17,0,100.0%,str,1,False,BuiltInParameter.VIEW_PHASE_FILTER,2025,2026-08-04T14:03:14.300203,2026-08-04T14:48:57.764674,3,probes_2025_20260804T140314-c44dde.json;probes_2025_20260804T144211-baf6e6.json;probes_2025_20260804T144857-a65442.json
phase_graphics,phasefilter.id,17,17,100.0%,17,0,100.0%,int,13,False,22797,2025,2026-08-04T14:03:14.300203,2026-08-04T14:48:57.764674,3,probes_2025_20260804T140314-c44dde.json;probes_2025_20260804T144211-baf6e6.json;probes_2025_20260804T144857-a65442.json
phase_graphics,phasefilter.name,17,17,100.0%,17,0,100.0%,str,8,False,Show All,2025,2026-08-04T14:03:14.300203,2026-08-04T14:48:57.764674,3,probes_2025_20260804T140314-c44dde.json;probes_2025_20260804T144211-baf6e6.json;probes_2025_20260804T144857-a65442.json
phase_graphics,phasefilter.resolved,17,17,100.0%,17,0,100.0%,bool,1,False,True,2025,2026-08-04T14:03:14.300203,2026-08-04T14:48:57.764674,3,probes_2025_20260804T140314-c44dde.json;probes_2025_20260804T144211-baf6e6.json;probes_2025_20260804T144857-a65442.json
phase_graphics,view_template.id,17,17,100.0%,17,0,100.0%,int,16,False,30275,2025,2026-08-04T14:03:14.300203,2026-08-04T14:48:57.764674,3,probes_2025_20260804T140314-c44dde.json;probes_2025_20260804T144211-baf6e6.json;probes_2025_20260804T144857-a65442.json
phase_graphics,view_template.name,17,17,100.0%,17,0,100.0%,str,16,False,Site Plan,2025,2026-08-04T14:03:14.300203,2026-08-04T14:48:57.764674,3,probes_2025_20260804T140314-c44dde.json;probes_2025_20260804T144211-baf6e6.json;probes_2025_20260804T144857-a65442.json
phase_graphics,view_template.workset_id,17,17,100.0%,17,0,100.0%,int,17,False,186,2025,2026-08-04T14:03:14.300203,2026-08-04T14:48:57.764674,3,probes_2025_20260804T140314-c44dde.json;probes_2025_20260804T144211-baf6e6.json;probes_2025_20260804T144857-a65442.json
phase_graphics,view_template.workset_name,17,17,100.0%,17,0,100.0%,str,16,False,"View Template ""Site Plan""",2025,2026-08-04T14:03:14.300203,2026-08-04T14:48:57.764674,3,probes_2025_20260804T140314-c44dde.json;probes_2025_20260804T144211-baf6e6.json;probes_2025_20260804T144857-a65442.json
phases,phase.id,10,10,100.0%,10,0,100.0%,int,8,False,8144880,2025,2026-08-04T14:03:14.300203,2026-08-04T14:48:57.764674,3,probes_2025_20260804T140314-c44dde.json;probes_2025_20260804T144211-baf6e6.json;probes_2025_20260804T144857-a65442.json
phases,phase.is_used_by_any_view,10,10,100.0%,10,0,100.0%,bool,2,False,False,2025,2026-08-04T14:03:14.300203,2026-08-04T14:48:57.764674,3,probes_2025_20260804T140314-c44dde.json;probes_2025_20260804T144211-baf6e6.json;probes_2025_20260804T144857-a65442.json
phases,phase.name,10,10,100.0%,10,0,100.0%,str,6,False,Legends,2025,2026-08-04T14:03:14.300203,2026-08-04T14:48:57.764674,3,probes_2025_20260804T140314-c44dde.json;probes_2025_20260804T144211-baf6e6.json;probes_2025_20260804T144857-a65442.json
phases,phase.workset_id,10,10,100.0%,10,0,100.0%,int,1,False,13,2025,2026-08-04T14:03:14.300203,2026-08-04T14:48:57.764674,3,probes_2025_20260804T140314-c44dde.json;probes_2025_20260804T144211-baf6e6.json;probes_2025_20260804T144857-a65442.json
phases,phase.workset_name,10,10,100.0%,10,0,100.0%,str,1,False,Phase Settings,2025,2026-08-04T14:03:14.300203,2026-08-04T14:48:57.764674,3,probes_2025_20260804T140314-c44dde.json;probes_2025_20260804T144211-baf6e6.json;probes_2025_20260804T144857-a65442.json
phases,sample_view_names,10,10,100.0%,10,0,100.0%,list,8,False,[],2025,2026-08-04T14:03:14.300203,2026-08-04T14:48:57.764674,3,probes_2025_20260804T140314-c44dde.json;probes_2025_20260804T144211-baf6e6.json;probes_2025_20260804T144857-a65442.json
phases,used_by_view_count,10,10,100.0%,10,0,100.0%,int,8,False,0,2025,2026-08-04T14:03:14.300203,2026-08-04T14:48:57.764674,3,probes_2025_20260804T140314-c44dde.json;probes_2025_20260804T144211-baf6e6.json;probes_2025_20260804T144857-a65442.json
roof_types,layer.function,23,23,100.0%,23,0,100.0%,str,3,False,1,2025,2026-08-04T14:03:14.300203,2026-08-04T14:48:57.764674,3,probes_2025_20260804T140314-c44dde.json;probes_2025_20260804T144211-baf6e6.json;probes_2025_20260804T144857-a65442.json
roof_types,layer.index,23,23,100.0%,23,0,100.0%,int,3,False,0,2025,2026-08-04T14:03:14.300203,2026-08-04T14:48:57.764674,3,probes_2025_20260804T140314-c44dde.json;probes_2025_20260804T144211-baf6e6.json;probes_2025_20260804T144857-a65442.json
roof_types,layer.is_structural_material,23,23,100.0%,23,0,100.0%,bool,1,False,False,2025,2026-08-04T14:03:14.300203,2026-08-04T14:48:57.764674,3,probes_2025_20260804T140314-c44dde.json;probes_2025_20260804T144211-baf6e6.json;probes_2025_20260804T144857-a65442.json
roof_types,layer.is_variable_width,23,23,100.0%,23,0,100.0%,bool,2,False,False,2025,2026-08-04T14:03:14.300203,2026-08-04T14:48:57.764674,3,probes_2025_20260804T140314-c44dde.json;probes_2025_20260804T144211-baf6e6.json;probes_2025_20260804T144857-a65442.json
roof_types,layer.material_id,23,23,100.0%,23,0,100.0%,int,10,False,-1,2025,2026-08-04T14:03:14.300203,2026-08-04T14:48:57.764674,3,probes_2025_20260804T140314-c44dde.json;probes_2025_20260804T144211-baf6e6.json;probes_2025_20260804T144857-a65442.json
roof_types,layer.material_name,23,23,100.0%,15,8,65.2%,NoneType;str,9,False,Metal Stud Layer,2025,2026-08-04T14:03:14.300203,2026-08-04T14:48:57.764674,3,probes_2025_20260804T140314-c44dde.json;probes_2025_20260804T144211-baf6e6.json;probes_2025_20260804T144857-a65442.json
roof_types,layer.material_resolved,23,23,100.0%,23,0,100.0%,bool,2,False,False,2025,2026-08-04T14:03:14.300203,2026-08-04T14:48:57.764674,3,probes_2025_20260804T140314-c44dde.json;probes_2025_20260804T144211-baf6e6.json;probes_2025_20260804T144857-a65442.json
roof_types,layer.width_in,23,23,100.0%,23,0,100.0%,float,16,False,3.9999999999999996,2025,2026-08-04T14:03:14.300203,2026-08-04T14:48:57.764674,3,probes_2025_20260804T140314-c44dde.json;probes_2025_20260804T144211-baf6e6.json;probes_2025_20260804T144857-a65442.json
roof_types,roof_type.id,23,23,100.0%,23,0,100.0%,int,17,False,6796600,2025,2026-08-04T14:03:14.300203,2026-08-04T14:48:57.764674,3,probes_2025_20260804T140314-c44dde.json;probes_2025_20260804T144211-baf6e6.json;probes_2025_20260804T144857-a65442.json
roof_types,roof_type.name,23,23,100.0%,23,0,100.0%,str,18,False,"Generic - 4""",2025,2026-08-04T14:03:14.300203,2026-08-04T14:48:57.764674,3,probes_2025_20260804T140314-c44dde.json;probes_2025_20260804T144211-baf6e6.json;probes_2025_20260804T144857-a65442.json
roof_types,roof_type.workset_id,23,23,100.0%,23,0,100.0%,int,1,False,15,2025,2026-08-04T14:03:14.300203,2026-08-04T14:48:57.764674,3,probes_2025_20260804T140314-c44dde.json;probes_2025_20260804T144211-baf6e6.json;probes_2025_20260804T144857-a65442.json
roof_types,roof_type.workset_name,23,23,100.0%,23,0,100.0%,str,1,False,Roof Types,2025,2026-08-04T14:03:14.300203,2026-08-04T14:48:57.764674,3,probes_2025_20260804T140314-c44dde.json;probes_2025_20260804T144211-baf6e6.json;probes_2025_20260804T144857-a65442.json
text_types,arrowhead.name,11,11,100.0%,11,0,100.0%,str,9,False,Arrow Filled 20 Degree,2025,2026-08-04T14:03:14.300203,2026-08-04T14:48:57.764674,3,probes_2025_20260804T140314-c44dde.json;probes_2025_20260804T144211-baf6e6.json;probes_2025_20260804T144857-a65442.json
text_types,arrowhead.resolved,11,11,100.0%,11,0,100.0%,bool,1,False,True,2025,2026-08-04T14:03:14.300203,2026-08-04T14:48:57.764674,3,probes_2025_20260804T140314-c44dde.json;probes_2025_20260804T144211-baf6e6.json;probes_2025_20260804T144857-a65442.json
text_types,arrowhead.type_id,11,11,100.0%,11,0,100.0%,int,9,False,137584,2025,2026-08-04T14:03:14.300203,2026-08-04T14:48:57.764674,3,probes_2025_20260804T140314-c44dde.json;probes_2025_20260804T144211-baf6e6.json;probes_2025_20260804T144857-a65442.json
text_types,leader_arrow_param,11,11,100.0%,11,0,100.0%,dict,9,False,"{'display': 'Arrow Filled 20 Degree', 'norm': 137584, 'q': 'ok', 'raw': 137584, 'storage': 'ElementId'}",2025,2026-08-04T14:03:14.300203,2026-08-04T14:48:57.764674,3,probes_2025_20260804T140314-c44dde.json;probes_2025_20260804T144211-baf6e6.json;probes_2025_20260804T144857-a65442.json
text_types,leader_arrow_param.matched_name,11,11,100.0%,11,0,100.0%,str,1,False,Leader Arrowhead,2025,2026-08-04T14:03:14.300203,2026-08-04T14:48:57.764674,3,probes_2025_20260804T140314-c44dde.json;probes_2025_20260804T144211-baf6e6.json;probes_2025_20260804T144857-a65442.json
text_types,text_type.id,11,11,100.0%,11,0,100.0%,int,9,False,10352,2025,2026-08-04T14:03:14.300203,2026-08-04T14:48:57.764674,3,probes_2025_20260804T140314-c44dde.json;probes_2025_20260804T144211-baf6e6.json;probes_2025_20260804T144857-a65442.json
text_types,text_type.name,11,11,100.0%,11,0,100.0%,str,9,False,"Ryan Text 3/32""",2025,2026-08-04T14:03:14.300203,2026-08-04T14:48:57.764674,3,probes_2025_20260804T140314-c44dde.json;probes_2025_20260804T144211-baf6e6.json;probes_2025_20260804T144857-a65442.json
text_types,text_type.workset_id,11,11,100.0%,11,0,100.0%,int,1,False,24,2025,2026-08-04T14:03:14.300203,2026-08-04T14:48:57.764674,3,probes_2025_20260804T140314-c44dde.json;probes_2025_20260804T144211-baf6e6.json;probes_2025_20260804T144857-a65442.json
text_types,text_type.workset_name,11,11,100.0%,11,0,100.0%,str,1,False,Text Types,2025,2026-08-04T14:03:14.300203,2026-08-04T14:48:57.764674,3,probes_2025_20260804T140314-c44dde.json;probes_2025_20260804T144211-baf6e6.json;probes_2025_20260804T144857-a65442.json
units,discipline.id,453,453,100.0%,453,0,100.0%,str,8,False,autodesk.spec.discipline:electrical-1.0.0,2025,2026-08-04T14:03:14.300203,2026-08-04T14:48:57.764674,3,probes_2025_20260804T140314-c44dde.json;probes_2025_20260804T144211-baf6e6.json;probes_2025_20260804T144857-a65442.json
units,discipline.ui_label,453,453,100.0%,0,453,0.0%,NoneType,0,False,,2025,2026-08-04T14:03:14.300203,2026-08-04T14:48:57.764674,3,probes_2025_20260804T140314-c44dde.json;probes_2025_20260804T144211-baf6e6.json;probes_2025_20260804T144857-a65442.json
units,discipline.ui_label_err,453,453,100.0%,453,0,100.0%,str,2,False,missing:discipline ForgeTypeId object not available,2025,2026-08-04T14:03:14.300203,2026-08-04T14:48:57.764674,3,probes_2025_20260804T140314-c44dde.json;probes_2025_20260804T144211-baf6e6.json;probes_2025_20260804T144857-a65442.json
units,discipline.ui_label_q,453,453,100.0%,453,0,100.0%,str,1,False,missing,2025,2026-08-04T14:03:14.300203,2026-08-04T14:48:57.764674,3,probes_2025_20260804T140314-c44dde.json;probes_2025_20260804T144211-baf6e6.json;probes_2025_20260804T144857-a65442.json
units,spec.id,453,453,100.0%,453,0,100.0%,str,151,False,autodesk.spec.aec.electrical:apparentPower-2.0.0,2025,2026-08-04T14:03:14.300203,2026-08-04T14:48:57.764674,3,probes_2025_20260804T140314-c44dde.json;probes_2025_20260804T144211-baf6e6.json;probes_2025_20260804T144857-a65442.json
units,spec.member_name,453,453,100.0%,453,0,100.0%,str,151,False,ApparentPower,2025,2026-08-04T14:03:14.300203,2026-08-04T14:48:57.764674,3,probes_2025_20260804T140314-c44dde.json;probes_2025_20260804T144211-baf6e6.json;probes_2025_20260804T144857-a65442.json
units,spec.ui_label,453,453,100.0%,450,3,99.3%,NoneType;str,129,False,Apparent Power,2025,2026-08-04T14:03:14.300203,2026-08-04T14:48:57.764674,3,probes_2025_20260804T140314-c44dde.json;probes_2025_20260804T144211-baf6e6.json;probes_2025_20260804T144857-a65442.json
units,spec.ui_label_err,453,453,100.0%,3,450,0.7%,NoneType;str,1,False,unreadable:LabelUtils has no compatible spec label method,2025,2026-08-04T14:03:14.300203,2026-08-04T14:48:57.764674,3,probes_2025_20260804T140314-c44dde.json;probes_2025_20260804T144211-baf6e6.json;probes_2025_20260804T144857-a65442.json
units,spec.ui_label_q,453,453,100.0%,453,0,100.0%,str,2,False,ok,2025,2026-08-04T14:03:14.300203,2026-08-04T14:48:57.764674,3,probes_2025_20260804T140314-c44dde.json;probes_2025_20260804T144211-baf6e6.json;probes_2025_20260804T144857-a65442.json
view_category_overrides,baseline,600,600,100.0%,600,0,100.0%,dict,56,False,"{'line_color.rgb': {'display': '0|0|0', 'norm': '0|0|0', 'q': 'ok', 'raw': '0|0|0', 'storage': 'String'}, 'line_pattern_cut': {'display': '-3000010', 'norm': -3000010, 'q': 'ok', 'raw': -3000010, 'storage': 'ElementId'}, 'line_pattern_projection': {'display': '-3000010', 'norm': -3000010, 'q': 'ok', 'raw': -3000010, 'storage': 'ElementId'}, 'line_weight_cut': {'display': '3', 'norm': 3, 'q': 'ok', 'raw': 3, 'storage': 'Integer'}, 'line_weight_projection': {'display': '1', 'norm': 1, 'q': 'ok', 'raw': 1, 'storage': 'Integer'}, 'material': {'display': None, 'norm': None, 'q': 'missing', 'raw': None, 'storage': 'ElementId'}}",2025,2026-08-04T14:03:14.300203,2026-08-04T14:48:57.764674,3,probes_2025_20260804T140314-c44dde.json;probes_2025_20260804T144211-baf6e6.json;probes_2025_20260804T144857-a65442.json
view_category_overrides,category.is_subcategory,600,600,100.0%,600,0,100.0%,bool,2,False,False,2025,2026-08-04T14:03:14.300203,2026-08-04T14:48:57.764674,3,probes_2025_20260804T140314-c44dde.json;probes_2025_20260804T144211-baf6e6.json;probes_2025_20260804T144857-a65442.json
view_category_overrides,category.name,600,600,100.0%,600,0,100.0%,str,116,False,Casework,2025,2026-08-04T14:03:14.300203,2026-08-04T14:48:57.764674,3,probes_2025_20260804T140314-c44dde.json;probes_2025_20260804T144211-baf6e6.json;probes_2025_20260804T144857-a65442.json
view_category_overrides,category.parent_name,600,600,100.0%,287,313,47.8%,NoneType;str,37,False,Roofs,2025,2026-08-04T14:03:14.300203,2026-08-04T14:48:57.764674,3,probes_2025_20260804T140314-c44dde.json;probes_2025_20260804T144211-baf6e6.json;probes_2025_20260804T144857-a65442.json
view_category_overrides,category.path,600,600,100.0%,600,0,100.0%,str,163,False,Casework|self,2025,2026-08-04T14:03:14.300203,2026-08-04T14:48:57.764674,3,probes_2025_20260804T140314-c44dde.json;probes_2025_20260804T144211-baf6e6.json;probes_2025_20260804T144857-a65442.json
view_category_overrides,delta_flags,600,600,100.0%,600,0,100.0%,dict,17,False,"{'delta.cut_line_color.rgb': {'display': '0', 'norm': 0, 'q': 'ok', 'raw': 0, 'storage': 'Integer'}, 'delta.cut_line_pattern': {'display': '0', 'norm': 0, 'q': 'ok', 'raw': 0, 'storage': 'Integer'}, 'delta.cut_line_weight': {'display': '1', 'norm': 1, 'q': 'ok', 'raw': 1, 'storage': 'Integer'}, 'delta.halftone': {'display': '1', 'norm': 1, 'q': 'ok', 'raw': 1, 'storage': 'Integer'}, 'delta.projection_line_color.rgb': {'display': '0', 'norm': 0, 'q': 'ok', 'raw': 0, 'storage': 'Integer'}, 'delta.projection_line_pattern': {'display': '0', 'norm': 0, 'q': 'ok', 'raw': 0, 'storage': 'Integer'}, 'delta.projection_line_weight': {'display': '0', 'norm': 0, 'q': 'ok', 'raw': 0, 'storage': 'Integer'}, 'delta.transparency': {'display': '1', 'norm': 1, 'q': 'ok', 'raw': 1, 'storage': 'Integer'}}",2025,2026-08-04T14:03:14.300203,2026-08-04T14:48:57.764674,3,probes_2025_20260804T140314-c44dde.json;probes_2025_20260804T144211-baf6e6.json;probes_2025_20260804T144857-a65442.json
view_category_overrides,effective,600,600,100.0%,600,0,100.0%,dict,104,False,"{'cut_line_color.rgb': {'display': '0|0|0', 'norm': '0|0|0', 'q': 'ok', 'raw': '0|0|0', 'storage': 'String'}, 'cut_line_pattern': {'display': '-3000010', 'norm': -3000010, 'q': 'ok', 'raw': -3000010, 'storage': 'ElementId'}, 'cut_line_weight': {'display': '1', 'norm': 1, 'q': 'ok', 'raw': 1, 'storage': 'Integer'}, 'halftone': {'display': 'True', 'norm': 1, 'q': 'ok', 'raw': 1, 'storage': 'Integer'}, 'projection_line_color.rgb': {'display': '0|0|0', 'norm': '0|0|0', 'q': 'ok', 'raw': '0|0|0', 'storage': 'String'}, 'projection_line_pattern': {'display': '-3000010', 'norm': -3000010, 'q': 'ok', 'raw': -3000010, 'storage': 'ElementId'}, 'projection_line_weight': {'display': '1', 'norm': 1, 'q': 'ok', 'raw': 1, 'storage': 'Integer'}, 'transparency': {'display': '100', 'norm': 100, 'q': 'ok', 'raw': 100, 'storage': 'Integer'}}",2025,2026-08-04T14:03:14.300203,2026-08-04T14:48:57.764674,3,probes_2025_20260804T140314-c44dde.json;probes_2025_20260804T144211-baf6e6.json;probes_2025_20260804T144857-a65442.json
view_category_overrides,has_override,600,600,100.0%,600,0,100.0%,bool,1,False,True,2025,2026-08-04T14:03:14.300203,2026-08-04T14:48:57.764674,3,probes_2025_20260804T140314-c44dde.json;probes_2025_20260804T144211-baf6e6.json;probes_2025_20260804T144857-a65442.json
view_category_overrides,view.bucket,600,600,100.0%,600,0,100.0%,str,4,False,is_template=1|has_template=0|viewtype=1,2025,2026-08-04T14:03:14.300203,2026-08-04T14:48:57.764674,3,probes_2025_20260804T140314-c44dde.json;probes_2025_20260804T144211-baf6e6.json;probes_2025_20260804T144857-a65442.json
view_category_overrides,view.id,600,600,100.0%,600,0,100.0%,int,21,False,1523812,2025,2026-08-04T14:03:14.300203,2026-08-04T14:48:57.764674,3,probes_2025_20260804T140314-c44dde.json;probes_2025_20260804T144211-baf6e6.json;probes_2025_20260804T144857-a65442.json
view_category_overrides,view.is_template,600,600,100.0%,600,0,100.0%,bool,1,False,True,2025,2026-08-04T14:03:14.300203,2026-08-04T14:48:57.764674,3,probes_2025_20260804T140314-c44dde.json;probes_2025_20260804T144211-baf6e6.json;probes_2025_20260804T144857-a65442.json
view_category_overrides,view.name,600,600,100.0%,600,0,100.0%,str,21,False,Floor Finish Plan,2025,2026-08-04T14:03:14.300203,2026-08-04T14:48:57.764674,3,probes_2025_20260804T140314-c44dde.json;probes_2025_20260804T144211-baf6e6.json;probes_2025_20260804T144857-a65442.json
view_filter_applications,filter.class,338,338,100.0%,338,0,100.0%,str,1,False,Autodesk.Revit.DB.ParameterFilterElement,2025,2026-08-04T14:03:14.300203,2026-08-04T14:48:57.764674,3,probes_2025_20260804T140314-c44dde.json;probes_2025_20260804T144211-baf6e6.json;probes_2025_20260804T144857-a65442.json
view_filter_applications,filter.id,338,338,100.0%,338,0,100.0%,int,86,False,1607615,2025,2026-08-04T14:03:14.300203,2026-08-04T14:48:57.764674,3,probes_2025_20260804T140314-c44dde.json;probes_2025_20260804T144211-baf6e6.json;probes_2025_20260804T144857-a65442.json
view_filter_applications,filter.name,338,338,100.0%,338,0,100.0%,str,86,False,Landscape (1),2025,2026-08-04T14:03:14.300203,2026-08-04T14:48:57.764674,3,probes_2025_20260804T140314-c44dde.json;probes_2025_20260804T144211-baf6e6.json;probes_2025_20260804T144857-a65442.json
view_filter_applications,filter.order_index,338,338,100.0%,338,0,100.0%,int,25,False,0,2025,2026-08-04T14:03:14.300203,2026-08-04T14:48:57.764674,3,probes_2025_20260804T140314-c44dde.json;probes_2025_20260804T144211-baf6e6.json;probes_2025_20260804T144857-a65442.json
view_filter_applications,filter.visibility,338,338,100.0%,338,0,100.0%,bool,2,False,True,2025,2026-08-04T14:03:14.300203,2026-08-04T14:48:57.764674,3,probes_2025_20260804T140314-c44dde.json;probes_2025_20260804T144211-baf6e6.json;probes_2025_20260804T144857-a65442.json
view_filter_applications,filter.workset_id,338,338,100.0%,338,0,100.0%,int,1,False,85,2025,2026-08-04T14:03:14.300203,2026-08-04T14:48:57.764674,3,probes_2025_20260804T140314-c44dde.json;probes_2025_20260804T144211-baf6e6.json;probes_2025_20260804T144857-a65442.json
view_filter_applications,filter.workset_name,338,338,100.0%,338,0,100.0%,str,1,False,Filters,2025,2026-08-04T14:03:14.300203,2026-08-04T14:48:57.764674,3,probes_2025_20260804T140314-c44dde.json;probes_2025_20260804T144211-baf6e6.json;probes_2025_20260804T144857-a65442.json
view_filter_applications,ogs.has_any_override,338,338,100.0%,338,0,100.0%,bool,1,False,True,2025,2026-08-04T14:03:14.300203,2026-08-04T14:48:57.764674,3,probes_2025_20260804T140314-c44dde.json;probes_2025_20260804T144211-baf6e6.json;probes_2025_20260804T144857-a65442.json
view_filter_applications,ogs.overrides,338,338,100.0%,338,0,100.0%,dict,53,False,"{'vfa.ogs.cut_bg_pattern_color.hex': {'display': None, 'norm': None, 'q': 'missing', 'raw': None, 'storage': 'String'}, 'vfa.ogs.cut_bg_pattern_color.rgb': {'display': None, 'norm': None, 'q': 'missing', 'raw': None, 'storage': 'String'}, 'vfa.ogs.cut_bg_pattern_id': {'display': None, 'norm': None, 'q': 'ok', 'raw': None, 'storage': 'ElementId'}, 'vfa.ogs.cut_fg_pattern_color.hex': {'display': None, 'norm': None, 'q': 'missing', 'raw': None, 'storage': 'String'}, 'vfa.ogs.cut_fg_pattern_color.rgb': {'display': None, 'norm': None, 'q': 'missing', 'raw': None, 'storage': 'String'}, 'vfa.ogs.cut_fg_pattern_id': {'display': None, 'norm': None, 'q': 'ok', 'raw': None, 'storage': 'ElementId'}, 'vfa.ogs.cut_line_color.hex': {'display': None, 'norm': None, 'q': 'missing', 'raw': None, 'storage': 'String'}, 'vfa.ogs.cut_line_color.rgb': {'display': None, 'norm': None, 'q': 'missing', 'raw': None, 'storage': 'String'}, 'vfa.ogs.cut_line_pattern_id': {'display': None, 'norm': None, 'q': 'ok', 'raw': None, 'storage': 'ElementId'}, 'vfa.ogs.cut_line_weight': {'display': '-1', 'norm': -1, 'q': 'ok', 'raw': -1, 'storage': 'Integer'}, 'vfa.ogs.halftone': {'display': 'False', 'norm': 0, 'q': 'ok', 'raw': 0, 'storage': 'Integer'}, 'vfa.ogs.proj_line_color.hex': {'display': None, 'norm': None, 'q': 'missing', 'raw': None, 'storage': 'String'}, 'vfa.ogs.proj_line_color.rgb': {'display': None, 'norm': None, 'q': 'missing', 'raw': None, 'storage': 'String'}, 'vfa.ogs.proj_line_pattern_id': {'display': None, 'norm': None, 'q': 'ok', 'raw': None, 'storage': 'ElementId'}, 'vfa.ogs.proj_line_weight': {'display': '-1', 'norm': -1, 'q': 'ok', 'raw': -1, 'storage': 'Integer'}, 'vfa.ogs.surf_bg_pattern_color.hex': {'display': None, 'norm': None, 'q': 'missing', 'raw': None, 'storage': 'String'}, 'vfa.ogs.surf_bg_pattern_color.rgb': {'display': None, 'norm': None, 'q': 'missing', 'raw': None, 'storage': 'String'}, 'vfa.ogs.surf_bg_pattern_id': {'display': None, 'norm': None, 'q': 'ok', 'raw': None, 'storage': 'ElementId'}, 'vfa.ogs.surf_fg_pattern_color.hex': {'display': '#ECFFEC', 'norm': '#ECFFEC', 'q': 'ok', 'raw': '#ECFFEC', 'storage': 'String'}, 'vfa.ogs.surf_fg_pattern_color.rgb': {'display': '236|255|236', 'norm': '236|255|236', 'q': 'ok', 'raw': '236|255|236', 'storage': 'String'}, 'vfa.ogs.surf_fg_pattern_id': {'display': '<Solid fill>', 'norm': 20, 'q': 'ok', 'raw': 20, 'storage': 'ElementId'}, 'vfa.ogs.transparency': {'display': '0', 'norm': 0, 'q': 'ok', 'raw': 0, 'storage': 'Integer'}}",2025,2026-08-04T14:03:14.300203,2026-08-04T14:48:57.764674,3,probes_2025_20260804T140314-c44dde.json;probes_2025_20260804T144211-baf6e6.json;probes_2025_20260804T144857-a65442.json
view_filter_applications,ogs.present,338,338,100.0%,338,0,100.0%,bool,1,False,True,2025,2026-08-04T14:03:14.300203,2026-08-04T14:48:57.764674,3,probes_2025_20260804T140314-c44dde.json;probes_2025_20260804T144211-baf6e6.json;probes_2025_20260804T144857-a65442.json
view_filter_applications,ogs.sig_hash,338,338,100.0%,338,0,100.0%,str,53,False,70fc5a946e22f609d7ffcac708af2bcf79a671aa,2025,2026-08-04T14:03:14.300203,2026-08-04T14:48:57.764674,3,probes_2025_20260804T140314-c44dde.json;probes_2025_20260804T144211-baf6e6.json;probes_2025_20260804T144857-a65442.json
view_filter_applications,pfe.category_count,338,338,100.0%,338,0,100.0%,int,10,False,1,2025,2026-08-04T14:03:14.300203,2026-08-04T14:48:57.764674,3,probes_2025_20260804T140314-c44dde.json;probes_2025_20260804T144211-baf6e6.json;probes_2025_20260804T144857-a65442.json
view_filter_applications,pfe.category_names_sample,338,338,100.0%,338,0,100.0%,list,1,False,[],2025,2026-08-04T14:03:14.300203,2026-08-04T14:48:57.764674,3,probes_2025_20260804T140314-c44dde.json;probes_2025_20260804T144211-baf6e6.json;probes_2025_20260804T144857-a65442.json
view_filter_applications,pfe.is_parameter_filter_element,338,338,100.0%,338,0,100.0%,bool,1,False,True,2025,2026-08-04T14:03:14.300203,2026-08-04T14:48:57.764674,3,probes_2025_20260804T140314-c44dde.json;probes_2025_20260804T144211-baf6e6.json;probes_2025_20260804T144857-a65442.json
view_filter_applications,view.id,338,338,100.0%,338,0,100.0%,int,56,False,32,2025,2026-08-04T14:03:14.300203,2026-08-04T14:48:57.764674,3,probes_2025_20260804T140314-c44dde.json;probes_2025_20260804T144211-baf6e6.json;probes_2025_20260804T144857-a65442.json
view_filter_applications,view.is_template,338,338,100.0%,338,0,100.0%,bool,2,False,False,2025,2026-08-04T14:03:14.300203,2026-08-04T14:48:57.764674,3,probes_2025_20260804T140314-c44dde.json;probes_2025_20260804T144211-baf6e6.json;probes_2025_20260804T144857-a65442.json
view_filter_applications,view.name,338,338,100.0%,338,0,100.0%,str,55,False,LEVEL 1 PLAN,2025,2026-08-04T14:03:14.300203,2026-08-04T14:48:57.764674,3,probes_2025_20260804T140314-c44dde.json;probes_2025_20260804T144211-baf6e6.json;probes_2025_20260804T144857-a65442.json
view_filter_applications,view.view_type,338,338,100.0%,338,0,100.0%,str,9,False,1,2025,2026-08-04T14:03:14.300203,2026-08-04T14:48:57.764674,3,probes_2025_20260804T140314-c44dde.json;probes_2025_20260804T144211-baf6e6.json;probes_2025_20260804T144857-a65442.json
view_filter_definitions,applied_live_view_count,213,213,100.0%,213,0,100.0%,int,44,False,0,2025,2026-08-04T14:03:14.300203,2026-08-04T14:48:57.764674,3,probes_2025_20260804T140314-c44dde.json;probes_2025_20260804T144211-baf6e6.json;probes_2025_20260804T144857-a65442.json
view_filter_definitions,applied_template_count,213,213,100.0%,213,0,100.0%,int,19,False,0,2025,2026-08-04T14:03:14.300203,2026-08-04T14:48:57.764674,3,probes_2025_20260804T140314-c44dde.json;probes_2025_20260804T144211-baf6e6.json;probes_2025_20260804T144857-a65442.json
view_filter_definitions,filter.id,213,213,100.0%,213,0,100.0%,int,188,False,149962,2025,2026-08-04T14:03:14.300203,2026-08-04T14:48:57.764674,3,probes_2025_20260804T140314-c44dde.json;probes_2025_20260804T144211-baf6e6.json;probes_2025_20260804T144857-a65442.json
view_filter_definitions,filter.is_applied_anywhere,213,213,100.0%,213,0,100.0%,bool,2,False,False,2025,2026-08-04T14:03:14.300203,2026-08-04T14:48:57.764674,3,probes_2025_20260804T140314-c44dde.json;probes_2025_20260804T144211-baf6e6.json;probes_2025_20260804T144857-a65442.json
view_filter_definitions,filter.name,213,213,100.0%,213,0,100.0%,str,188,False,Interior,2025,2026-08-04T14:03:14.300203,2026-08-04T14:48:57.764674,3,probes_2025_20260804T140314-c44dde.json;probes_2025_20260804T144211-baf6e6.json;probes_2025_20260804T144857-a65442.json
view_filter_definitions,filter.workset_id,213,213,100.0%,213,0,100.0%,int,1,False,85,2025,2026-08-04T14:03:14.300203,2026-08-04T14:48:57.764674,3,probes_2025_20260804T140314-c44dde.json;probes_2025_20260804T144211-baf6e6.json;probes_2025_20260804T144857-a65442.json
view_filter_definitions,filter.workset_name,213,213,100.0%,213,0,100.0%,str,1,False,Filters,2025,2026-08-04T14:03:14.300203,2026-08-04T14:48:57.764674,3,probes_2025_20260804T140314-c44dde.json;probes_2025_20260804T144211-baf6e6.json;probes_2025_20260804T144857-a65442.json
view_filter_definitions,sample_applied_names,213,213,100.0%,213,0,100.0%,list,75,False,[],2025,2026-08-04T14:03:14.300203,2026-08-04T14:48:57.764674,3,probes_2025_20260804T140314-c44dde.json;probes_2025_20260804T144211-baf6e6.json;probes_2025_20260804T144857-a65442.json
view_templates,template.id,110,110,100.0%,110,0,100.0%,int,101,False,2812885,2025,2026-08-04T14:03:14.300203,2026-08-04T14:48:57.764674,3,probes_2025_20260804T140314-c44dde.json;probes_2025_20260804T144211-baf6e6.json;probes_2025_20260804T144857-a65442.json
view_templates,template.name,110,110,100.0%,110,0,100.0%,str,101,False,Floor Plan - Area,2025,2026-08-04T14:03:14.300203,2026-08-04T14:48:57.764674,3,probes_2025_20260804T140314-c44dde.json;probes_2025_20260804T144211-baf6e6.json;probes_2025_20260804T144857-a65442.json
view_templates,template.resolved,110,110,100.0%,110,0,100.0%,bool,1,False,True,2025,2026-08-04T14:03:14.300203,2026-08-04T14:48:57.764674,3,probes_2025_20260804T140314-c44dde.json;probes_2025_20260804T144211-baf6e6.json;probes_2025_20260804T144857-a65442.json
view_templates,template.workset_id,110,110,100.0%,110,0,100.0%,int,108,False,1712,2025,2026-08-04T14:03:14.300203,2026-08-04T14:48:57.764674,3,probes_2025_20260804T140314-c44dde.json;probes_2025_20260804T144211-baf6e6.json;probes_2025_20260804T144857-a65442.json
view_templates,template.workset_name,110,110,100.0%,110,0,100.0%,str,101,False,"View Template ""Floor Plan - Area""",2025,2026-08-04T14:03:14.300203,2026-08-04T14:48:57.764674,3,probes_2025_20260804T140314-c44dde.json;probes_2025_20260804T144211-baf6e6.json;probes_2025_20260804T144857-a65442.json
view_templates,view.id,110,110,100.0%,110,0,100.0%,int,101,False,32,2025,2026-08-04T14:03:14.300203,2026-08-04T14:48:57.764674,3,probes_2025_20260804T140314-c44dde.json;probes_2025_20260804T144211-baf6e6.json;probes_2025_20260804T144857-a65442.json
view_templates,view.name,110,110,100.0%,110,0,100.0%,str,101,False,LEVEL 1 PLAN,2025,2026-08-04T14:03:14.300203,2026-08-04T14:48:57.764674,3,probes_2025_20260804T140314-c44dde.json;probes_2025_20260804T144211-baf6e6.json;probes_2025_20260804T144857-a65442.json
view_templates,view.view_type,110,110,100.0%,110,0,100.0%,str,8,False,1|1,2025,2026-08-04T14:03:14.300203,2026-08-04T14:48:57.764674,3,probes_2025_20260804T140314-c44dde.json;probes_2025_20260804T144211-baf6e6.json;probes_2025_20260804T144857-a65442.json
views,schedule.body_text_type_id,149,149,100.0%,15,134,10.1%,NoneType;int,3,False,10352,2025,2026-08-04T14:03:14.300203,2026-08-04T14:48:57.764674,3,probes_2025_20260804T140314-c44dde.json;probes_2025_20260804T144211-baf6e6.json;probes_2025_20260804T144857-a65442.json
views,schedule.body_text_type_name,149,149,100.0%,0,149,0.0%,NoneType,0,False,,2025,2026-08-04T14:03:14.300203,2026-08-04T14:48:57.764674,3,probes_2025_20260804T140314-c44dde.json;probes_2025_20260804T144211-baf6e6.json;probes_2025_20260804T144857-a65442.json
views,schedule.header_text_type_id,149,149,100.0%,15,134,10.1%,NoneType;int,5,False,1198417,2025,2026-08-04T14:03:14.300203,2026-08-04T14:48:57.764674,3,probes_2025_20260804T140314-c44dde.json;probes_2025_20260804T144211-baf6e6.json;probes_2025_20260804T144857-a65442.json
views,schedule.header_text_type_name,149,149,100.0%,0,149,0.0%,NoneType,0,False,,2025,2026-08-04T14:03:14.300203,2026-08-04T14:48:57.764674,3,probes_2025_20260804T140314-c44dde.json;probes_2025_20260804T144211-baf6e6.json;probes_2025_20260804T144857-a65442.json
views,schedule.title_text_type_id,149,149,100.0%,15,134,10.1%,NoneType;int,5,False,1198417,2025,2026-08-04T14:03:14.300203,2026-08-04T14:48:57.764674,3,probes_2025_20260804T140314-c44dde.json;probes_2025_20260804T144211-baf6e6.json;probes_2025_20260804T144857-a65442.json
views,schedule.title_text_type_name,149,149,100.0%,0,149,0.0%,NoneType,0,False,,2025,2026-08-04T14:03:14.300203,2026-08-04T14:48:57.764674,3,probes_2025_20260804T140314-c44dde.json;probes_2025_20260804T144211-baf6e6.json;probes_2025_20260804T144857-a65442.json
views,view.has_template,149,149,100.0%,149,0,100.0%,bool,2,False,True,2025,2026-08-04T14:03:14.300203,2026-08-04T14:48:57.764674,3,probes_2025_20260804T140314-c44dde.json;probes_2025_20260804T144211-baf6e6.json;probes_2025_20260804T144857-a65442.json
views,view.id,149,149,100.0%,149,0,100.0%,int,134,False,32,2025,2026-08-04T14:03:14.300203,2026-08-04T14:48:57.764674,3,probes_2025_20260804T140314-c44dde.json;probes_2025_20260804T144211-baf6e6.json;probes_2025_20260804T144857-a65442.json
views,view.name,149,149,100.0%,149,0,100.0%,str,133,False,LEVEL 1 PLAN,2025,2026-08-04T14:03:14.300203,2026-08-04T14:48:57.764674,3,probes_2025_20260804T140314-c44dde.json;probes_2025_20260804T144211-baf6e6.json;probes_2025_20260804T144857-a65442.json
views,view.template_id,149,149,100.0%,65,84,43.6%,NoneType;int,28,False,2812885,2025,2026-08-04T14:03:14.300203,2026-08-04T14:48:57.764674,3,probes_2025_20260804T140314-c44dde.json;probes_2025_20260804T144211-baf6e6.json;probes_2025_20260804T144857-a65442.json
views,view.template_name,149,149,100.0%,65,84,43.6%,NoneType;str,28,False,Floor Plan - Area,2025,2026-08-04T14:03:14.300203,2026-08-04T14:48:57.764674,3,probes_2025_20260804T140314-c44dde.json;probes_2025_20260804T144211-baf6e6.json;probes_2025_20260804T144857-a65442.json
views,view.viewtype_int,149,149,100.0%,149,0,100.0%,int,13,False,1,2025,2026-08-04T14:03:14.300203,2026-08-04T14:48:57.764674,3,probes_2025_20260804T140314-c44dde.json;probes_2025_20260804T144211-baf6e6.json;probes_2025_20260804T144857-a65442.json
views,view.workset_id,149,149,100.0%,149,0,100.0%,int,140,False,163,2025,2026-08-04T14:03:14.300203,2026-08-04T14:48:57.764674,3,probes_2025_20260804T140314-c44dde.json;probes_2025_20260804T144211-baf6e6.json;probes_2025_20260804T144857-a65442.json
views,view.workset_name,149,149,100.0%,149,0,100.0%,str,138,False,"View ""Floor Plan: LEVEL 1 PLAN""",2025,2026-08-04T14:03:14.300203,2026-08-04T14:48:57.764674,3,probes_2025_20260804T140314-c44dde.json;probes_2025_20260804T144211-baf6e6.json;probes_2025_20260804T144857-a65442.json
wall_types,layer.function,192,192,100.0%,192,0,100.0%,str,6,False,1,2025,2026-08-04T14:03:14.300203,2026-08-04T14:48:57.764674,3,probes_2025_20260804T140314-c44dde.json;probes_2025_20260804T144211-baf6e6.json;probes_2025_20260804T144857-a65442.json
wall_types,layer.index,192,192,100.0%,192,0,100.0%,int,9,False,0,2025,2026-08-04T14:03:14.300203,2026-08-04T14:48:57.764674,3,probes_2025_20260804T140314-c44dde.json;probes_2025_20260804T144211-baf6e6.json;probes_2025_20260804T144857-a65442.json
wall_types,layer.is_structural_material,192,192,100.0%,192,0,100.0%,bool,2,False,True,2025,2026-08-04T14:03:14.300203,2026-08-04T14:48:57.764674,3,probes_2025_20260804T140314-c44dde.json;probes_2025_20260804T144211-baf6e6.json;probes_2025_20260804T144857-a65442.json
wall_types,layer.is_variable_width,192,192,100.0%,192,0,100.0%,bool,1,False,False,2025,2026-08-04T14:03:14.300203,2026-08-04T14:48:57.764674,3,probes_2025_20260804T140314-c44dde.json;probes_2025_20260804T144211-baf6e6.json;probes_2025_20260804T144857-a65442.json
wall_types,layer.material_id,192,192,100.0%,192,0,100.0%,int,48,False,2812827,2025,2026-08-04T14:03:14.300203,2026-08-04T14:48:57.764674,3,probes_2025_20260804T140314-c44dde.json;probes_2025_20260804T144211-baf6e6.json;probes_2025_20260804T144857-a65442.json
wall_types,layer.material_name,192,192,100.0%,183,9,95.3%,NoneType;str,47,False,CMU-11_Concrete masonry units - standard weight block,2025,2026-08-04T14:03:14.300203,2026-08-04T14:48:57.764674,3,probes_2025_20260804T140314-c44dde.json;probes_2025_20260804T144211-baf6e6.json;probes_2025_20260804T144857-a65442.json
wall_types,layer.material_resolved,192,192,100.0%,192,0,100.0%,bool,2,False,True,2025,2026-08-04T14:03:14.300203,2026-08-04T14:48:57.764674,3,probes_2025_20260804T140314-c44dde.json;probes_2025_20260804T144211-baf6e6.json;probes_2025_20260804T144857-a65442.json
wall_types,layer.width_in,192,192,100.0%,192,0,100.0%,float,29,False,7.625,2025,2026-08-04T14:03:14.300203,2026-08-04T14:48:57.764674,3,probes_2025_20260804T140314-c44dde.json;probes_2025_20260804T144211-baf6e6.json;probes_2025_20260804T144857-a65442.json
wall_types,wall_type.id,192,192,100.0%,192,0,100.0%,int,56,False,2812825,2025,2026-08-04T14:03:14.300203,2026-08-04T14:48:57.764674,3,probes_2025_20260804T140314-c44dde.json;probes_2025_20260804T144211-baf6e6.json;probes_2025_20260804T144857-a65442.json
wall_types,wall_type.name,192,192,100.0%,192,0,100.0%,str,56,False,"Int - G8 - 8"" CMU",2025,2026-08-04T14:03:14.300203,2026-08-04T14:48:57.764674,3,probes_2025_20260804T140314-c44dde.json;probes_2025_20260804T144211-baf6e6.json;probes_2025_20260804T144857-a65442.json
wall_types,wall_type.workset_id,192,192,100.0%,192,0,100.0%,int,1,False,14,2025,2026-08-04T14:03:14.300203,2026-08-04T14:48:57.764674,3,probes_2025_20260804T140314-c44dde.json;probes_2025_20260804T144211-baf6e6.json;probes_2025_20260804T144857-a65442.json
wall_types,wall_type.workset_name,192,192,100.0%,192,0,100.0%,str,1,False,Wall Types,2025,2026-08-04T14:03:14.300203,2026-08-04T14:48:57.764674,3,probes_2025_20260804T140314-c44dde.json;probes_2025_20260804T144211-baf6e6.json;probes_2025_20260804T144857-a65442.json
worksets,owned_element_count,497,497,100.0%,497,0,100.0%,int,114,False,6,2025,2026-08-04T14:03:14.300203,2026-08-04T14:48:57.764674,3,probes_2025_20260804T140314-c44dde.json;probes_2025_20260804T144211-baf6e6.json;probes_2025_20260804T144857-a65442.json
worksets,workset.id,497,497,100.0%,497,0,100.0%,int,269,False,172,2025,2026-08-04T14:03:14.300203,2026-08-04T14:48:57.764674,3,probes_2025_20260804T140314-c44dde.json;probes_2025_20260804T144211-baf6e6.json;probes_2025_20260804T144857-a65442.json
worksets,workset.kind,497,497,100.0%,497,0,100.0%,str,4,False,1,2025,2026-08-04T14:03:14.300203,2026-08-04T14:48:57.764674,3,probes_2025_20260804T140314-c44dde.json;probes_2025_20260804T144211-baf6e6.json;probes_2025_20260804T144857-a65442.json
worksets,workset.name,497,497,100.0%,497,0,100.0%,str,296,False,Family  : Curtain Panels : System Panel,2025,2026-08-04T14:03:14.300203,2026-08-04T14:48:57.764674,3,probes_2025_20260804T140314-c44dde.json;probes_2025_20260804T144211-baf6e6.json;probes_2025_20260804T144857-a65442.json
